seconds,rss_bytes,gc_heap_bytes,threads,process_cpu_percent,capacity_cpu_percent,available_ram_bytes,cpu_psi_percent,memory_psi_percent
0.059455,113885184,3311488,11,108.7476,13.1020,7144071168,0.0000,0.0000
0.123422,199843840,3429568,11,118.6302,14.8311,7095840768,0.0000,0.0000
0.174475,205574144,3535688,11,103.8219,13.0052,7090380800,0.0000,0.0000
0.227410,290340864,3637944,11,99.7391,12.4646,7005396992,0.0000,0.0000
0.278652,298037248,3822360,12,67.2403,8.4626,7003402240,0.0000,0.0000
0.331469,367386624,13384792,12,110.0607,13.7571,6932180992,0.0000,0.0000
0.382138,462618624,13491192,12,198.6268,24.8385,6838857728,0.0000,0.0000
0.434937,462925824,13598528,12,199.2746,24.8942,6838857728,0.0000,0.0000
0.485571,463237120,13706344,12,206.4195,25.8284,6838370304,0.0000,0.0000
0.538366,707108864,13810648,12,219.2529,27.4085,6593265664,0.0000,0.0000
0.591349,993746944,13917512,12,198.0103,24.7829,6304645120,0.0000,0.0000
0.642459,1267326976,14031928,12,266.4745,33.3159,6032539648,0.0000,0.0000
0.695318,1627504640,14137712,12,190.2953,23.8555,5668159488,0.0000,0.0000
0.749809,1983508480,14245552,12,209.7224,26.2148,5315837952,0.0000,0.0000
0.802646,1983610880,14351384,12,191.9890,24.0178,5315837952,0.0000,0.0000
0.855475,1983774720,14464952,12,216.8861,27.1143,5315575808,0.0000,0.0000
0.906160,1984077824,14583224,12,309.0203,38.6840,5315575808,0.0000,0.0000
0.959038,1984184320,14684512,12,200.4894,25.0687,5315051520,0.0000,0.0000
1.009721,1984294912,14799136,12,206.6157,25.8336,5315051520,0.0000,0.0000
1.062461,2047045632,14900736,12,196.0959,24.5283,5252399104,0.0000,0.0000
1.113609,2064687104,15021032,12,218.1324,27.2656,5234049024,0.0000,0.0000
1.166522,2078621696,15130872,12,200.7885,25.1146,5220679680,0.0000,0.0000
1.219492,2078736384,15237232,12,202.5278,25.3153,5220417536,0.0000,0.0000
1.270201,2078949376,15345368,12,309.2397,38.6643,5220417536,0.0000,0.0000
1.322948,2079059968,15450328,12,201.9865,25.2500,5220155392,0.0000,0.0000
1.373615,2079174656,15561536,12,206.8088,25.8629,5220155392,0.0000,0.0000
1.426375,2079285248,15671608,12,198.2953,24.8682,5220155392,0.0000,0.0000
1.479139,2079395840,15777752,12,209.3443,26.1820,5219893248,0.0000,0.0000
1.530079,2082459648,15885848,12,308.2782,38.7291,5217009664,0.0000,0.0000
1.583439,2082660352,15993920,12,242.4354,30.1165,5216747520,0.0000,0.0000
1.634292,2082770944,16097464,12,206.6088,25.8399,5216747520,0.0000,0.0000
1.687120,2082885632,16205240,12,210.1750,26.4146,5216485376,0.0000,0.0000
1.737856,2083000320,16318744,12,206.0288,25.7575,5216223232,0.0000,0.0000
1.790715,2083102720,16425144,12,198.2391,24.7893,5216223232,0.0000,0.0000
1.841459,2083213312,16533496,12,206.2411,25.7856,5215961088,0.0000,0.0000
1.894271,2083319808,16641304,12,204.8155,26.9520,5215379456,0.0000,0.0000
1.947156,2083438592,16744600,12,198.7834,30.1653,5214638080,0.0000,0.0000
1.997891,2083540992,16852392,12,206.4854,33.5058,5213589504,0.0000,0.0000
2.050724,2084012032,16965880,12,295.0040,38.7555,5212413952,0.0000,0.0000
2.101530,2084122624,17068336,12,199.4945,25.0352,5212151808,0.0000,0.0000
2.154273,2084237312,17180480,12,198.1973,28.4837,5213851648,0.0000,0.0000
2.207222,2084352000,17296968,12,198.0370,29.5212,5213384704,0.0000,0.0000
2.258053,2084470784,17404592,12,206.2131,25.7951,5213384704,0.0000,0.0000
2.310812,2084577280,17515144,12,198.3976,24.8028,5213122560,0.0000,0.0000
2.361485,2084712448,17625872,12,224.8853,28.1287,5213126656,0.0000,0.0000
2.414259,2084835328,17732272,12,229.6941,28.7111,5212864512,0.0000,0.0000
2.467034,2084937728,17834032,12,200.3540,25.0753,5212864512,0.0000,0.0000
2.517648,2085076992,17946472,12,206.9399,25.8685,5212864512,0.0000,0.0000
2.570379,2085187584,18051728,12,198.5674,24.8470,5212602368,0.0000,0.0000
2.623121,2085294080,18162088,12,196.2448,24.5363,5212602368,0.0000,0.0000
2.673936,2085404672,18273008,12,208.2248,26.1053,5212344320,0.0000,0.0000
2.725715,2085515264,18377752,12,193.3302,24.1537,5212344320,0.0000,0.0000
2.778734,2085621760,18480520,12,203.2324,25.4243,5212082176,0.0000,0.0000
2.829444,2085728256,18591000,12,205.9342,25.7472,5212082176,0.0000,0.0000
2.882248,2085830656,18691864,12,198.1941,24.8308,5212082176,0.0000,0.0000
2.934994,2085945344,18804056,12,196.0273,24.4970,5211820032,0.0000,0.0000
2.985570,2086051840,18910456,12,205.6853,25.7299,5211820032,0.0000,0.0000
3.038277,2086158336,19019608,12,198.5030,24.8129,5211557888,0.0000,0.0000
3.091031,2086268928,19127416,12,197.9444,24.7658,5211557888,0.0000,0.0000
3.141651,2086379520,6751000,12,206.7198,25.8333,5206839296,0.0000,0.0000
3.199348,2091048960,6864080,12,207.4594,25.9407,5206839296,0.0000,0.0000
3.249888,2091048960,6973152,12,206.9324,25.8670,5206839296,0.0000,0.0000
3.302496,2091048960,7080128,12,198.7101,24.8518,5206839296,0.0000,0.0000
3.355158,2091048960,7183024,12,191.1263,23.8936,5206839296,0.0000,0.0000
3.405726,2091048960,7296176,12,196.1150,24.5349,5206839296,0.0000,0.0000
3.458439,2091048960,7407296,12,206.1048,25.7648,5206839296,0.0000,0.0000
3.511177,2091048960,7512224,12,198.4815,24.8187,5206839296,0.0000,0.0000
3.561770,2091048960,7615120,12,181.6505,22.7266,5206839296,0.0000,0.0000
3.614402,2091327488,7728272,12,288.6636,36.0818,5206577152,0.0000,0.0000
3.667042,2091331584,7835312,12,204.3032,25.6132,5206577152,0.0000,0.0000
3.717631,2091331584,7944384,12,204.7907,25.6033,5206577152,0.0000,0.0000
3.770265,2091384832,8051360,12,296.0927,37.0175,5206577152,0.0000,0.0000
3.823296,2091384832,8154256,12,205.2170,25.6547,5206577152,0.0000,0.0000
3.873808,2091384832,8267408,12,199.0133,24.9170,5206577152,0.0000,0.0000
3.926448,2091384832,8374384,12,194.4077,24.3328,5206577152,0.0000,0.0000
3.979167,2091388928,8483456,12,205.7410,25.7392,5206577152,0.0000,0.0000
4.029788,2091409408,8590432,12,227.3561,28.5432,5206577152,0.0000,0.0000
4.082407,2091409408,8693328,12,198.3329,25.1986,5205913600,0.0000,0.0000
4.135146,2091409408,8806480,12,198.8426,27.8635,5204189184,0.0000,0.0000
4.185761,2091409408,8913456,12,206.6083,31.1560,5204189184,0.0000,0.0000
4.238356,2091409408,9022528,12,199.7285,26.0130,5206114304,0.0000,0.0000
4.290963,2091409408,9129504,12,198.6675,24.8444,5206380544,0.0000,0.0000
4.341473,2091409408,9237664,12,210.2467,26.2846,5206380544,0.0000,0.0000
4.394113,2091409408,9344432,12,198.5501,24.8295,5206380544,0.0000,0.0000
4.446696,2091409408,9452240,12,198.7456,24.8434,5206380544,0.0000,0.0000
4.499322,2091409408,9560048,12,193.8665,24.2476,5206380544,0.0000,0.0000
4.554002,2091409408,9667856,12,204.5424,25.5683,5206380544,0.0000,0.0000
4.606610,2091409408,9775664,12,148.1617,18.5321,5206380544,0.0000,0.0000
4.659221,2091409408,9883472,12,192.2735,24.0912,5206380544,0.0000,0.0000
4.709817,2091409408,9991280,12,201.9895,25.2625,5206380544,0.0000,0.0000
4.762717,2091409408,10099088,12,194.8956,24.3513,5206380544,0.0000,0.0000
4.813713,2091409408,10206896,12,205.1074,25.6622,5206380544,0.0000,0.0000
4.866344,2091409408,10314704,12,198.2858,24.7974,5206380544,0.0000,0.0000
4.919224,2091409408,10422512,12,197.6751,24.7808,5206380544,0.0000,0.0000
4.969757,2091409408,10530320,12,206.6955,25.8500,5206380544,0.0000,0.0000
5.022436,2091409408,10638128,12,198.4377,24.8064,5206380544,0.0000,0.0000
5.075095,2091409408,10745936,12,198.1435,24.7808,5206380544,0.0000,0.0000
5.125610,2091409408,10853744,12,206.6289,25.8375,5206380544,0.0000,0.0000
5.178276,2091409408,10961528,12,188.4736,23.5701,5206380544,0.0000,0.0000
5.230951,2091409408,11069336,12,198.4410,24.8042,5206380544,0.0000,0.0000
5.281498,2091409408,11177144,12,206.8146,25.8676,5206380544,0.0000,0.0000
5.334192,2091409408,11284952,12,198.5209,24.8151,5206380544,0.0000,0.0000
5.387455,2091409408,11392760,12,196.3483,24.5590,5206380544,0.0000,0.0000
5.438023,2091409408,11500568,12,206.4310,25.8031,5206380544,0.0000,0.0000
5.490629,2091413504,11608376,12,200.4969,25.0830,5206380544,0.0000,0.0000
5.543274,2091413504,11716184,12,199.3462,24.9202,5206380544,0.0000,0.0000
5.593812,2091413504,11823992,12,208.7795,26.1246,5206380544,0.0000,0.0000
5.646419,2091413504,11931800,12,196.8373,24.6125,5206380544,0.0000,0.0000
5.699043,2091413504,12039608,12,198.9701,25.0038,5206380544,0.0000,0.0000
5.749631,2091413504,12147416,12,203.4863,25.3797,5206380544,0.0000,0.0000
5.802332,2091413504,12255224,12,197.8467,24.7387,5206380544,0.0000,0.0000
5.855067,2091413504,12363032,12,198.3309,24.7928,5206380544,0.0000,0.0000
5.905643,2091413504,12470840,12,206.6999,25.9017,5206380544,0.0000,0.0000
5.958273,2091413504,12578648,12,198.5844,24.8145,5206380544,0.0000,0.0000
6.010976,2091413504,12686456,12,197.3463,24.6818,5206380544,0.0000,0.0000
6.061490,2091413504,12794264,12,206.6948,25.8371,5206380544,0.0000,0.0000
6.114803,2091413504,12902072,12,195.7339,24.4829,5206380544,0.0000,0.0000
6.165454,2091413504,13009880,12,206.2901,25.7991,5206380544,0.0000,0.0000
6.218078,2091413504,13117688,12,198.5208,24.8253,5206380544,0.0000,0.0000
6.270780,2091413504,13225496,12,198.4790,24.8215,5206380544,0.0000,0.0000
6.323353,2091413504,13333304,12,198.7609,24.8487,5206380544,0.0000,0.0000
6.373909,2091413504,13441112,12,206.6923,25.9031,5206380544,0.0000,0.0000
6.426570,2091413504,13548920,12,198.8010,24.8499,5206380544,0.0000,0.0000
6.479282,2091413504,13656728,12,198.1552,24.7841,5206380544,0.0000,0.0000
6.529863,2091413504,13764536,12,206.7069,25.8386,5206380544,0.0000,0.0000
6.582458,2091413504,13872344,12,198.7212,24.8565,5206380544,0.0000,0.0000
6.635156,2091413504,13980152,12,198.2963,24.7847,5206380544,0.0000,0.0000
6.685698,2091413504,14087960,12,206.7789,25.9391,5206380544,0.0000,0.0000
6.738306,2091413504,14195768,12,197.9056,24.7392,5206380544,0.0000,0.0000
6.790982,2091413504,14307768,12,198.5208,24.8329,5206380544,0.0000,0.0000
6.841737,2091413504,14413456,12,206.1877,25.7715,5206380544,0.0000,0.0000
6.894349,2091413504,14521264,12,198.6391,24.8810,5206380544,0.0000,0.0000
6.947143,2091413504,14629072,12,198.0540,24.7601,5206380544,0.0000,0.0000
6.998145,2091413504,14736880,12,202.8399,25.3729,5206380544,0.0000,0.0000
7.051211,2091413504,14844688,12,187.2105,23.4004,5206380544,0.0000,0.0000
7.101876,2091413504,14952496,12,184.4953,23.0782,5206380544,0.0000,0.0000
7.154623,2091413504,15060304,12,198.2756,24.7719,5206380544,0.0000,0.0000
7.207364,2091413504,15175936,12,197.7224,24.7428,5206380544,0.0000,0.0000
7.257903,2091413504,15283352,12,203.7713,25.4709,5206380544,0.0000,0.0000
7.310550,2091413504,15391160,12,198.5803,24.8375,5206380544,0.0000,0.0000
7.363203,2091413504,15498968,12,198.5581,24.8186,5206380544,0.0000,0.0000
7.413728,2091413504,15606776,12,206.7847,25.8555,5206380544,0.0000,0.0000
7.466304,2091413504,15714584,12,198.8626,24.8614,5206380544,0.0000,0.0000
7.518936,2091413504,15822392,12,198.7084,24.8490,5206380544,0.0000,0.0000
7.569459,2091425792,15930200,12,206.8524,25.8766,5206384640,0.0000,0.0000
7.622079,2091429888,16038008,12,198.5964,24.8340,5206384640,0.0000,0.0000
7.674683,2091429888,16145816,12,198.7134,24.9095,5206384640,0.0000,0.0000
7.727298,2091429888,16253624,12,198.7505,24.8486,5206384640,0.0000,0.0000
7.777849,2091429888,16361432,12,206.7242,25.8566,5206384640,0.0000,0.0000
7.831152,2091429888,16469240,12,197.8166,24.7308,5206384640,0.0000,0.0000
7.881957,2091429888,16577048,12,206.4620,25.8594,5206384640,0.0000,0.0000
7.934686,2091429888,16684856,12,190.5987,23.8182,5206384640,0.0000,0.0000
7.987502,2091429888,16792664,12,198.1063,24.7919,5206384640,0.0000,0.0000
8.038247,2091429888,16900472,12,206.5347,27.0027,5206573056,0.0000,0.0000
8.091108,2091429888,17008280,12,197.8612,24.7698,5206573056,0.0000,0.0000
8.141627,2091429888,17116088,12,205.0655,25.6364,5206573056,0.0000,0.0000
8.194232,2091429888,17223896,12,198.4701,24.8290,5206573056,0.0000,0.0000
8.246889,2091429888,17331704,12,198.5605,24.8205,5206573056,0.0000,0.0000
8.297460,2091429888,17439512,12,206.4668,25.8222,5206573056,0.0000,0.0000
8.350143,2091429888,17547320,12,197.6417,24.6953,5206573056,0.0000,0.0000
8.402737,2091429888,17651472,12,198.6915,24.8602,5206573056,0.0000,0.0000
8.455393,2091429888,17759280,12,198.5920,24.8330,5206573056,0.0000,0.0000
8.505927,2091429888,17867088,12,207.0341,25.8847,5206573056,0.0000,0.0000
8.558546,2091429888,17974896,12,198.6853,24.8309,5206573056,0.0000,0.0000
8.611175,2091429888,18082704,12,196.1979,24.5385,5206573056,0.0000,0.0000
8.661778,2091429888,18190512,12,206.9731,25.9465,5206573056,0.0000,0.0000
8.714589,2091429888,18298320,12,198.1932,24.7843,5206573056,0.0000,0.0000
8.765450,2091429888,18406128,12,206.1632,25.7731,5206573056,0.0000,0.0000
8.818134,2091429888,18513936,12,198.8376,24.8723,5206573056,0.0000,0.0000
8.870796,2091429888,18621744,12,197.4501,24.6936,5206573056,0.0000,0.0000
8.923473,2091429888,18729552,12,198.5106,24.8461,5206573056,0.0000,0.0000
8.974006,2091429888,18837360,12,204.6200,25.5928,5206573056,0.0000,0.0000
9.026579,2091429888,18945168,12,197.6292,24.7065,5206573056,0.0000,0.0000
9.079282,2091429888,19052976,12,198.5185,24.8260,5206573056,0.0000,0.0000
9.129935,2091429888,19160784,12,204.3133,25.5315,5206573056,0.0000,0.0000
9.182873,2091429888,19268592,12,195.9469,24.5186,5206573056,0.0000,0.0000
9.235511,2091474944,19376376,12,195.5203,24.4422,5206573056,0.0000,0.0000
9.286068,2091585536,19486856,12,206.7876,25.8628,5206310912,0.0000,0.0000
9.338897,2091687936,19593256,12,197.9417,24.7427,5206310912,0.0000,0.0000
9.389496,2091790336,19695528,12,195.6928,24.4784,5206310912,0.0000,0.0000
9.442241,2091905024,19807656,12,206.0074,25.7516,5206048768,0.0000,0.0000
9.495089,2092011520,19912712,12,198.2190,24.7942,5206048768,0.0000,0.0000
9.545797,2092134400,20023272,12,206.5236,25.8169,5205786624,0.0000,0.0000
9.598630,2092249088,20133992,12,197.9997,24.7713,5205786624,0.0000,0.0000
9.649473,2092351488,20240392,12,206.0413,25.7532,5205786624,0.0000,0.0000
9.702150,2092453888,20342160,12,198.5948,24.8877,5205524480,0.0000,0.0000
9.754796,2092568576,20454600,12,198.6115,24.8283,5205524480,0.0000,0.0000
9.807428,2092675072,20559848,12,198.6480,24.8450,5205262336,0.0000,0.0000
9.858052,2092785664,20670216,12,206.5455,25.8187,5205262336,0.0000,0.0000
9.910702,2092896256,20781128,12,198.0106,24.8404,5205000192,0.0000,0.0000
9.963515,2093002752,20885880,12,196.8390,24.6013,5205000192,0.0000,0.0000
10.014245,2093113344,20994184,12,206.9071,25.8806,5205000192,0.0000,0.0000
10.067040,2093215744,21100584,12,197.6501,24.7063,5204738048,0.0000,0.0000
10.117755,2093326336,21209328,12,206.4359,25.8176,5204738048,0.0000,0.0000
10.171080,2093432832,21317136,12,197.1938,24.6734,5204475904,0.0000,0.0000
10.221949,2093543424,21420040,12,206.1723,25.7666,5204475904,0.0000,0.0000
10.274712,2093645824,21528480,12,190.6492,23.8420,5204475904,0.0000,0.0000
10.327375,2093760512,21641320,12,208.9362,26.1272,5204213760,0.0000,0.0000
10.378071,2093862912,21747720,12,203.4464,25.4451,5204213760,0.0000,0.0000
10.431287,2093973504,21856200,12,197.2986,24.6616,5203951616,0.0000,0.0000
10.482102,2094080000,21964008,12,206.2439,25.7970,5203951616,0.0000,0.0000
10.535262,2094190592,22067176,12,197.0960,24.6398,5203951616,0.0000,0.0000
10.585888,2094292992,22175088,12,206.6678,25.8643,5203689472,0.0000,0.0000
10.638619,2094403584,22288456,12,198.2784,24.7967,5203689472,0.0000,0.0000
10.691345,2094510080,22391016,12,198.6485,24.9112,5203431424,0.0000,0.0000
10.742057,2094620672,22503144,12,206.4758,25.8073,5203431424,0.0000,0.0000
10.794731,2094792704,22607912,12,198.5450,24.8371,5203169280,0.0000,0.0000
10.847440,2094907392,22718760,12,198.4416,24.8066,5203169280,0.0000,0.0000
10.898052,2095017984,22829192,12,206.3475,25.8404,5202907136,0.0000,0.0000
10.950789,2095120384,22935592,12,198.3454,24.7932,5202907136,0.0000,0.0000
11.003486,2095222784,23037912,12,197.4200,24.6991,5202907136,0.0000,0.0000
11.054061,2095316992,23150040,11,206.3386,25.8504,5202944000,0.0000,0.0000
11.106817,2095423488,23255048,11,197.1708,24.6482,5202944000,0.0000,0.0000
11.157522,2095529984,23363344,11,205.7833,25.7286,5202685952,0.0000,0.0000
11.211305,2095640576,23470008,11,194.7058,24.3608,5202685952,0.0000,0.0000
11.275440,2099892224,6825872,12,218.9240,27.3715,5198491648,0.0000,0.0000
11.325976,2099892224,6932848,12,198.3718,24.7977,5198491648,0.0000,0.0000
11.378582,2099892224,7039824,12,197.9356,24.7576,5198491648,0.0000,0.0000
11.431230,2099892224,7142720,12,198.5690,24.8237,5198491648,0.0000,0.0000
11.481813,2099892224,7255872,12,203.4937,25.4562,5198491648,0.0000,0.0000
11.534460,2099892224,7362912,12,198.7593,24.8409,5198491648,0.0000,0.0000
11.587086,2099892224,7471984,12,198.6482,24.8498,5198491648,0.0000,0.0000
11.638117,2099892224,7578960,12,207.0134,25.8870,5198491648,0.0000,0.0000
11.690904,2099892224,7681856,12,196.9996,24.7521,5198491648,0.0000,0.0000
11.741759,2099892224,7795008,12,205.6989,25.7109,5198491648,0.0000,0.0000
11.794350,2099892224,7901984,12,198.6028,24.8398,5198491648,0.0000,0.0000
11.847184,2099892224,8011056,12,197.9051,24.7377,5198491648,0.0000,0.0000
11.897731,2099892224,8118032,12,207.0441,25.9305,5198491648,0.0000,0.0000
11.950441,2099892224,8220928,12,199.2093,24.9007,5198491648,0.0000,0.0000
12.003119,2099892224,8334080,12,197.8898,24.7526,5198491648,0.0000,0.0000
12.053738,2099892224,8441056,12,206.5371,25.9250,5198491648,0.0000,0.0000
12.106350,2099892224,8543952,12,198.4156,24.7117,5198491648,0.0000,0.0000
12.159111,2099892224,8657104,12,199.4757,24.9411,5198491648,0.0000,0.0000
12.209597,2099892224,8764144,12,203.0618,25.4055,5198491648,0.0000,0.0000
12.262199,2099892224,8873216,12,198.4084,24.7980,5198491648,0.0000,0.0000
12.314775,2099892224,8980192,12,198.8474,24.8730,5198491648,0.0000,0.0000
12.367542,2099892224,9083088,12,198.0105,24.7544,5198491648,0.0000,0.0000
12.418449,2099892224,9196240,12,203.2558,25.4305,5198491648,0.0000,0.0000
12.471214,2099892224,9298744,12,198.1704,24.7751,5198491648,0.0000,0.0000
12.521821,2099892224,9410840,12,206.4399,25.8119,5198491648,0.0000,0.0000
12.574451,2099892224,9518640,12,198.4355,24.8220,5198491648,0.0000,0.0000
12.627118,2099892224,9626440,12,198.4241,24.8070,5198491648,0.0000,0.0000
12.677972,2099892224,9734240,12,205.4418,25.7520,5198491648,0.0000,0.0000
12.730798,2099892224,9842040,12,198.1763,24.7720,5198491648,0.0000,0.0000
12.783409,2099892224,9949840,12,199.0002,24.9092,5198491648,0.0000,0.0000
12.834000,2099892224,10057640,12,206.6850,25.8458,5198491648,0.0000,0.0000
12.886840,2099892224,10165440,12,198.3687,24.8429,5198491648,0.0000,0.0000
12.939455,2099892224,10273240,12,198.6867,24.8358,5198491648,0.0000,0.0000
12.990006,2099892224,10381040,12,194.8056,24.3678,5198491648,0.0000,0.0000
13.042627,2099892224,10488840,12,198.5105,24.8159,5198491648,0.0000,0.0000
13.095267,2099892224,10596640,12,198.6668,24.8455,5198491648,0.0000,0.0000
13.146155,2099892224,10704440,12,206.0226,25.7511,5198491648,0.0000,0.0000
13.198773,2099892224,10812240,12,198.6419,24.8452,5198491648,0.0000,0.0000
13.251337,2100056064,12008800,12,173.2947,21.6606,5198229504,0.0000,0.0000
13.301822,2101833728,16338840,12,167.1965,20.9313,5197705216,0.0000,0.0000
13.354429,2101833728,16446640,12,196.4081,24.5843,5197705216,0.0000,0.0000
13.407243,2101833728,16554440,12,198.4421,24.7754,5197705216,0.0000,0.0000
13.457747,2102013952,16666432,12,240.5592,34.7804,5189517312,0.0000,0.0000
13.510325,2102054912,16774160,12,206.8516,35.4125,5196488704,0.0000,0.0000
13.563453,2102054912,16881960,12,186.7843,23.4337,5196754944,0.0000,0.0000
13.614653,2102054912,16989760,12,205.2211,25.6778,5196754944,0.0000,0.0000
13.667377,2102054912,17097560,12,165.7838,20.7723,5196754944,0.0000,0.0000
13.717917,2102054912,17205360,12,201.2489,25.1685,5196754944,0.0000,0.0000
13.770770,2102054912,17313160,12,197.6823,24.7124,5196754944,0.0000,0.0000
13.823407,2102054912,17420960,12,198.2567,24.7975,5196754944,0.0000,0.0000
13.873962,2102054912,17528760,12,203.9624,25.4951,5196754944,0.0000,0.0000
13.926553,2102054912,17636560,12,196.9576,24.7188,5196840960,0.0000,0.0000
13.979176,2102054912,17744360,12,198.6344,24.9331,5196840960,0.0000,0.0000
14.029657,2102054912,17852160,12,207.0918,25.8820,5196840960,0.0000,0.0000
14.082258,2102054912,17959960,12,198.6958,24.8569,5196840960,0.0000,0.0000
14.134891,2102054912,18067760,12,198.6503,24.8215,5196840960,0.0000,0.0000
14.187474,2102054912,18175560,12,199.1419,24.9172,5196840960,0.0000,0.0000
14.238009,2102054912,18283360,12,196.0970,24.5116,5196840960,0.0000,0.0000
14.290694,2102054912,18391160,12,198.5825,24.8560,5196840960,0.0000,0.0000
14.341548,2102054912,18498960,12,206.2088,25.7618,5196840960,0.0000,0.0000
14.394262,2102054912,18606760,12,198.4953,24.8418,5196840960,0.0000,0.0000
14.447004,2102054912,18714560,12,198.1623,24.7693,5196840960,0.0000,0.0000
14.497523,2102054912,18822360,12,177.1487,22.1604,5196840960,0.0000,0.0000
14.550612,2102054912,18930160,12,177.8319,22.2255,5196840960,0.0000,0.0000
14.603220,2102054912,19037960,12,196.6519,24.5974,5196840960,0.0000,0.0000
14.653835,2102054912,19145760,12,206.3828,25.8016,5196840960,0.0000,0.0000
14.706787,2102054912,19253560,12,197.8233,24.8035,5196840960,0.0000,0.0000
14.757557,2102054912,19361360,12,206.1217,25.7591,5196840960,0.0000,0.0000
14.810184,2102054912,19469160,12,198.4358,24.8415,5196840960,0.0000,0.0000
14.862792,2102054912,19576960,12,198.4991,24.8126,5196840960,0.0000,0.0000
14.913510,2102054912,19684760,12,206.3346,25.8428,5196840960,0.0000,0.0000
14.966171,2102054912,19792560,12,198.3548,24.7934,5196840960,0.0000,0.0000
15.018755,2102054912,19900360,12,199.6638,24.9703,5196840960,0.0000,0.0000
15.071443,2102054912,20008160,12,199.1930,24.9001,5196840960,0.0000,0.0000
15.122072,2102054912,20111352,12,206.6073,25.8417,5196840960,0.0000,0.0000
15.174800,2102054912,20223760,12,198.2870,24.7866,5196840960,0.0000,0.0000
15.227418,2102054912,20331560,12,198.5758,24.8360,5196840960,0.0000,0.0000
15.277926,2102054912,20439360,12,206.7977,25.8485,5196840960,0.0000,0.0000
15.330503,2102054912,20547160,12,198.6895,24.8507,5196840960,0.0000,0.0000
15.383097,2102054912,20654960,12,198.7116,24.8537,5196840960,0.0000,0.0000
15.433582,2102054912,20762760,12,206.9486,25.8696,5196840960,0.0000,0.0000
15.486219,2102054912,20870560,12,198.4209,24.8190,5196840960,0.0000,0.0000
15.538824,2102071296,20978360,12,199.1807,24.9057,5196840960,0.0000,0.0000
15.591418,2102071296,21086168,12,197.3955,24.7077,5196840960,0.0000,0.0000
15.642084,2102071296,21193976,12,203.0316,25.3755,5196840960,0.0000,0.0000
15.694718,2102071296,21301784,12,198.3999,24.8836,5196840960,0.0000,0.0000
15.747460,2102071296,21409592,12,197.2326,24.6538,5196840960,0.0000,0.0000
15.798033,2102071296,21517400,12,206.5807,25.8362,5196840960,0.0000,0.0000
15.850605,2102071296,21625208,12,198.4870,24.8106,5196840960,0.0000,0.0000
15.903202,2102071296,21733016,12,198.6646,24.8780,5196840960,0.0000,0.0000
15.953716,2102071296,21840824,12,206.6065,25.8280,5196840960,0.0000,0.0000
16.006312,2102071296,21948632,12,198.7018,24.8513,5196840960,0.0000,0.0000
16.058919,2102071296,22056440,12,197.5338,24.6929,5196840960,0.0000,0.0000
16.109438,2102071296,22164248,12,206.9071,25.8775,5196840960,0.0000,0.0000
16.162058,2102071296,22272056,12,198.6762,24.8355,5196840960,0.0000,0.0000
16.214645,2102071296,22379864,12,198.7491,24.8643,5196840960,0.0000,0.0000
16.267266,2102071296,22487672,12,201.6222,25.1975,5196840960,0.0000,0.0000
16.317827,2102071296,22595480,12,203.5517,25.4608,5196840960,0.0000,0.0000
16.370416,2102071296,22703288,12,198.8781,24.8600,5196840960,0.0000,0.0000
16.423005,2102071296,22811096,12,198.4830,24.8598,5196840960,0.0000,0.0000
16.473501,2102071296,22918904,12,206.7475,25.8415,5196840960,0.0000,0.0000
16.526124,2102071296,23026712,12,198.6265,24.8449,5196840960,0.0000,0.0000
16.578716,2102071296,23134520,12,197.2080,24.6498,5196840960,0.0000,0.0000
16.631315,2102071296,23242328,12,198.2809,24.8091,5196840960,0.0000,0.0000
16.681847,2102071296,23350136,12,206.9037,25.9406,5196840960,0.0000,0.0000
16.734462,2102071296,23457944,12,198.4826,24.8110,5196840960,0.0000,0.0000
16.787173,2102071296,23565752,12,184.5281,23.0819,5196840960,0.0000,0.0000
16.837750,2102071296,23673560,12,200.3045,25.0361,5196840960,0.0000,0.0000
16.890347,2102071296,23781368,12,198.4703,24.8613,5196840960,0.0000,0.0000
16.943003,2102071296,23889176,12,198.5810,24.8210,5196840960,0.0000,0.0000
16.993511,2102071296,23996984,12,206.6627,25.8504,5196840960,0.0000,0.0000
17.046340,2102071296,24104792,12,198.0208,24.7531,5196840960,0.0000,0.0000
17.098982,2102071296,24212600,12,198.6357,24.8430,5196840960,0.0000,0.0000
17.151183,2098184192,6154160,13,207.4949,25.9258,5200949248,0.0000,0.0000
17.201723,2098184192,6267312,13,206.7056,25.8649,5200949248,0.0000,0.0000
17.254338,2098184192,6376320,13,198.6935,24.8341,5200949248,0.0000,0.0000
17.307005,2098184192,6485328,13,198.5953,24.8434,5200949248,0.0000,0.0000
17.357536,2098184192,6593416,13,206.8577,25.8594,5200949248,0.0000,0.0000
17.410256,2098184192,6702384,13,198.1415,24.7822,5200949248,0.0000,0.0000
17.463063,2098184192,6811352,13,200.3636,25.0438,5200949248,0.0000,0.0000
17.513635,2098184192,6920320,13,203.8306,25.5008,5200949248,0.0000,0.0000
17.566371,2098184192,7029288,13,197.9999,24.7324,5200949248,0.0000,0.0000
17.619124,2098184192,7138256,13,198.3724,24.8207,5200949248,0.0000,0.0000
17.669637,2098184192,7247224,13,206.7811,25.9125,5200949248,0.0000,0.0000
17.722265,2098184192,7356192,13,190.8892,23.8764,5200949248,0.0000,0.0000
17.774849,2098184192,7465160,13,193.1872,24.1608,5200949248,0.0000,0.0000
17.825442,2098184192,7574128,13,205.3806,25.6844,5200949248,0.0000,0.0000
17.878093,2098184192,7683096,13,198.4623,24.8095,5200949248,0.0000,0.0000
17.930718,2098184192,7792064,13,198.3263,24.8369,5200949248,0.0000,0.0000
17.983477,2098184192,7901032,13,197.5000,24.7181,5200953344,0.0000,0.0000
18.034070,2098184192,8010000,13,206.7871,26.7504,5200875520,0.0000,0.0000
18.085568,2098184192,8118968,13,204.7404,25.6030,5200875520,0.0000,0.0000
18.138252,2098184192,8227936,13,198.5460,24.8292,5200875520,0.0000,0.0000
18.191007,2098184192,8336904,13,198.3569,24.8122,5200875520,0.0000,0.0000
18.241543,2098184192,8445872,13,204.5939,25.5723,5200875520,0.0000,0.0000
18.294399,2098184192,8554840,13,198.3324,24.8053,5200875520,0.0000,0.0000
18.347044,2098184192,8663808,13,198.5476,24.8206,5200875520,0.0000,0.0000
18.397636,2098184192,8772776,13,206.5979,25.8383,5200875520,0.0000,0.0000
18.450528,2098184192,8881744,13,194.5882,24.3131,5200875520,0.0000,0.0000
18.503255,2098184192,8990712,13,194.0345,24.2733,5200875520,0.0000,0.0000
18.553779,2098184192,9099680,13,196.0257,24.5114,5200875520,0.0000,0.0000
18.606384,2098184192,9208648,13,198.4815,24.8299,5200875520,0.0000,0.0000
18.659121,2098184192,9317616,13,196.9103,24.6121,5200875520,0.0000,0.0000
18.709724,2098184192,9426584,13,198.1143,24.8475,5200875520,0.0000,0.0000
18.762347,2098184192,9535552,13,195.3492,24.4172,5200875520,0.0000,0.0000
18.815038,2098184192,9644520,13,198.4343,24.8484,5200875520,0.0000,0.0000
18.865550,2098184192,9753488,13,206.3502,25.7901,5200875520,0.0000,0.0000
18.918275,2098184192,9862456,13,194.1849,24.3243,5200875520,0.0000,0.0000
18.971014,2098184192,9971424,13,198.3966,24.7998,5200875520,0.0000,0.0000
19.021547,2098184192,10080392,13,206.9662,25.8906,5200875520,0.0000,0.0000
19.074208,2098184192,10189360,13,198.6586,24.8283,5200875520,0.0000,0.0000
19.126883,2098184192,10298328,13,176.1025,22.0318,5200875520,0.0000,0.0000
19.177698,2098184192,10407296,13,195.5104,24.4351,5200875520,0.0000,0.0000
19.230357,2098184192,10516264,13,198.6054,24.8463,5200875520,0.0000,0.0000
19.283010,2098184192,10625232,13,199.9825,24.9943,5200875520,0.0000,0.0000
19.333594,2098184192,10734200,13,195.0039,24.3928,5200875520,0.0000,0.0000
19.386283,2098184192,10843168,13,181.3924,22.6911,5200875520,0.0000,0.0000
19.438905,2098184192,10952136,13,196.3776,24.5389,5200875520,0.0000,0.0000
19.491475,2098184192,11061104,13,199.1299,24.9162,5200875520,0.0000,0.0000
19.542011,2098155520,11170072,12,203.4771,25.4764,5200900096,0.0000,0.0000
19.594755,2098155520,11277880,12,199.0073,24.9013,5200900096,0.0000,0.0000
19.647482,2098155520,11385688,12,196.7774,24.6022,5200900096,0.0000,0.0000
19.698029,2098155520,11493496,12,198.8755,24.9329,5200900096,0.0000,0.0000
19.750699,2098155520,11601304,12,205.6073,25.7000,5200900096,0.0000,0.0000
19.803335,2098155520,11709112,12,195.5464,24.4590,5200900096,0.0000,0.0000
19.853880,2098155520,11816920,12,206.4802,25.8098,5200900096,0.0000,0.0000
19.906565,2098155520,11924728,12,198.2652,24.8304,5200900096,0.0000,0.0000
19.959182,2098155520,12032536,12,198.6476,24.8262,5200900096,0.0000,0.0000
20.009716,2098155520,12140344,12,206.9308,25.8842,5200900096,0.0000,0.0000
20.062316,2098155520,12248152,12,198.7053,25.0834,5200900096,0.0000,0.0000
20.114974,2098155520,12355960,12,198.5256,24.5888,5200900096,0.0000,0.0000
20.165524,2098155520,12463768,12,206.6994,25.8367,5200900096,0.0000,0.0000
20.218196,2098155520,12571576,12,198.5123,24.8283,5200900096,0.0000,0.0000
20.270798,2098155520,12679384,12,198.6810,24.8354,5200900096,0.0000,0.0000
20.323444,2098155520,12787192,12,202.3675,25.3140,5200900096,0.0000,0.0000
20.374042,2098155520,12895000,12,201.9440,25.2403,5200900096,0.0000,0.0000
20.426687,2098155520,13002808,12,196.9091,24.6360,5200900096,0.0000,0.0000
20.479398,2098155520,13110616,12,197.9542,24.7450,5200900096,0.0000,0.0000
20.529951,2098155520,13218424,12,206.9721,25.8965,5200900096,0.0000,0.0000
20.582564,2098155520,13326232,12,198.4456,24.8185,5200900096,0.0000,0.0000
20.635240,2098155520,13434040,12,198.4296,24.8156,5200900096,0.0000,0.0000
20.685799,2098155520,13541848,12,206.5056,25.8837,5200900096,0.0000,0.0000
20.738398,2098155520,13649656,12,196.5828,24.5864,5200900096,0.0000,0.0000
20.791015,2098155520,13757464,12,197.2640,24.6765,5200900096,0.0000,0.0000
20.841519,2098155520,13865272,12,206.8791,25.8611,5200900096,0.0000,0.0000
20.894181,2098155520,13973080,12,198.4782,24.8743,5200900096,0.0000,0.0000
20.946840,2098155520,14080888,12,198.5867,24.8203,5200900096,0.0000,0.0000
20.999429,2098155520,14188696,12,198.7150,24.8570,5200900096,0.0000,0.0000
21.049975,2098155520,14296504,12,206.8658,25.8585,5200900096,0.0000,0.0000
21.102586,2098184192,14404312,13,199.4712,24.9508,5200900096,0.0000,0.0000
21.155286,2098184192,14510024,13,198.5233,24.8154,5200900096,0.0000,0.0000
21.205841,2098184192,14622248,13,206.7005,25.8536,5200900096,0.0000,0.0000
21.258516,2098184192,14731216,13,196.0790,24.5108,5200900096,0.0000,0.0000
21.311148,2098184192,14840184,13,191.8551,23.9926,5200900096,0.0000,0.0000
21.361688,2098184192,14949152,13,204.9501,25.6754,5200900096,0.0000,0.0000
21.414301,2098184192,15058120,13,198.7129,24.8436,5200900096,0.0000,0.0000
21.466952,2098184192,15167088,13,193.2419,24.1555,5200900096,0.0000,0.0000
21.517495,2098184192,15276056,13,206.8571,25.8749,5200900096,0.0000,0.0000
21.570136,2098184192,15385024,13,197.9062,24.7380,5200900096,0.0000,0.0000
21.622740,2098184192,15493992,13,198.3039,24.8039,5200900096,0.0000,0.0000
21.675391,2098184192,15602960,13,196.6557,24.5946,5200900096,0.0000,0.0000
21.726174,2098184192,15711928,13,202.7167,25.4420,5200900096,0.0000,0.0000
21.778793,2098184192,15820896,13,198.6529,24.8311,5200900096,0.0000,0.0000
21.831539,2098184192,15929864,13,199.4168,24.9337,5200900096,0.0000,0.0000
21.882272,2098184192,16038832,13,205.8888,25.7479,5200900096,0.0000,0.0000
21.935083,2098184192,16147800,13,198.2795,24.8354,5200900096,0.0000,0.0000
21.985585,2098184192,16256768,13,204.5127,25.5646,5200900096,0.0000,0.0000
22.038383,2098184192,16365736,13,198.5200,24.8306,5200900096,0.0000,0.0000
22.091103,2098184192,16474704,13,198.5489,24.8364,5200900096,0.0000,0.0000
22.141683,2098184192,16583672,13,206.7359,25.8430,5200900096,0.0000,0.0000
22.194302,2098184192,16692640,13,198.6849,24.8522,5200900096,0.0000,0.0000
22.246898,2098184192,16801608,13,198.3641,24.7931,5200900096,0.0000,0.0000
22.297452,2098184192,16910576,13,205.4152,25.6954,5200900096,0.0000,0.0000
22.350078,2098184192,17019544,13,198.4141,24.8030,5200900096,0.0000,0.0000
22.402756,2098184192,17128512,13,198.4905,24.8279,5200900096,0.0000,0.0000
22.455503,2098184192,17237480,13,198.1720,24.7751,5200900096,0.0000,0.0000
22.506882,2098184192,17346448,13,201.4535,25.1948,5200900096,0.0000,0.0000
22.559473,2098184192,17455416,13,198.5765,24.8216,5200900096,0.0000,0.0000
22.610099,2098184192,17564384,13,206.4211,25.8379,5200900096,0.0000,0.0000
22.662872,2098184192,17673352,13,198.1687,24.7775,5200900096,0.0000,0.0000
22.713471,2098184192,17782320,13,206.2906,25.8735,5200900096,0.0000,0.0000
22.766090,2098184192,17891288,13,198.5621,24.8205,5200900096,0.0000,0.0000
22.818932,2098184192,18000256,13,198.2294,24.7945,5200900096,0.0000,0.0000
22.869485,2098184192,18109224,13,206.7529,25.8451,5200900096,0.0000,0.0000
22.922320,2098184192,18218192,13,195.8581,24.5360,5200900096,0.0000,0.0000
22.975019,2098184192,18327160,13,192.8970,24.1105,5200900096,0.0000,0.0000
23.025582,2098184192,18436128,13,206.8291,25.8700,5200900096,0.0000,0.0000
23.078332,2098184192,18545096,13,198.4300,24.8037,5200900096,0.0000,0.0000
23.131088,2098184192,18654064,13,198.4131,24.8132,5200900096,0.0000,0.0000
23.181621,2098184192,18763008,13,199.1127,24.8965,5200900096,0.0000,0.0000
23.234267,2098184192,18871976,13,195.3699,24.4319,5200900096,0.0000,0.0000
23.286919,2098184192,18980944,13,197.9112,24.7370,5200900096,0.0000,0.0000
23.337479,2098184192,19089912,13,206.3909,25.8115,5200900096,0.0000,0.0000
23.390300,2098184192,19198880,13,198.2719,24.7958,5200900096,0.0000,0.0000
23.443123,2098184192,19307848,13,200.5168,25.0757,5200900096,0.0000,0.0000
23.493684,2098184192,19416816,13,203.7238,25.4825,5200900096,0.0000,0.0000
23.546354,2098184192,19525784,13,195.7821,24.4652,5200900096,0.0000,0.0000
23.599132,2098184192,19634752,13,198.0526,24.7829,5200900096,0.0000,0.0000
23.649648,2098184192,19743720,13,202.2615,25.2715,5200900096,0.0000,0.0000
23.702295,2098184192,19852688,13,198.5982,24.9122,5200900096,0.0000,0.0000
23.754961,2098184192,19961656,13,198.7373,24.8455,5200900096,0.0000,0.0000
23.805506,2098184192,20070624,13,206.8747,25.8729,5200900096,0.0000,0.0000
23.858160,2098184192,20179592,13,197.1277,24.6405,5200900096,0.0000,0.0000
23.910788,2098184192,20288560,13,164.1851,20.5847,5200900096,0.0000,0.0000
23.961468,2098184192,20397528,13,206.4917,25.8105,5200900096,0.0000,0.0000
24.014178,2098184192,20506496,13,198.5050,24.8271,5200900096,0.0000,0.0000
24.067259,2098184192,20615464,13,197.6594,24.7178,5200900096,0.0000,0.0000
24.117856,2098184192,20724432,13,207.0040,25.8802,5200900096,0.0000,0.0000
24.170531,2098184192,20833400,13,193.1827,24.1476,5200900096,0.0000,0.0000
24.223208,2098184192,20942368,13,186.9867,23.3862,5200900096,0.0000,0.0000
24.273766,2098184192,21051336,13,205.6857,25.7124,5200900096,0.0000,0.0000
24.326384,2098184192,21160304,13,198.6541,24.8472,5200900096,0.0000,0.0000
24.379004,2098184192,21269272,13,198.0540,24.7582,5200900096,0.0000,0.0000
24.429569,2098184192,21378240,13,206.5752,25.8449,5200900096,0.0000,0.0000
24.482194,2098184192,21487208,13,186.7005,23.3271,5200900096,0.0000,0.0000
24.534842,2098184192,21596176,13,198.9299,24.8959,5200900096,0.0000,0.0000
24.586975,2098184192,21705144,13,203.1124,25.3888,5200900096,0.0000,0.0000
24.637549,2098184192,21814112,13,193.3029,24.1896,5200900096,0.0000,0.0000
24.690183,2098184192,21923080,13,198.6036,24.8794,5200900096,0.0000,0.0000
24.742794,2098184192,22032048,13,198.6687,24.8585,5200900096,0.0000,0.0000
24.795416,2098184192,22141016,13,198.5850,24.8485,5200900096,0.0000,0.0000
24.845923,2098184192,22249984,13,191.3398,23.9143,5200900096,0.0000,0.0000
24.898576,2098184192,22358952,13,197.8052,24.7724,5200900096,0.0000,0.0000
24.951235,2098184192,22467920,13,198.6187,24.8297,5200900096,0.0000,0.0000
25.001794,2098184192,22576888,13,207.0353,25.8943,5200900096,0.0000,0.0000
25.054459,2098184192,22685856,13,198.4134,24.8007,5200900096,0.0000,0.0000
25.107136,2098212864,11172752,13,172.4295,21.5663,5200637952,0.0000,0.0000
25.157803,2275528704,11347448,13,138.4677,17.3095,5022035968,0.0000,0.0000
25.210460,2306064384,11456416,13,197.8403,24.7443,4992413696,0.0000,0.0000
25.263096,2306064384,11565384,13,191.2531,23.9069,4992413696,0.0000,0.0000
25.313612,2352967680,11674352,13,231.7459,28.9861,4945752064,0.0000,0.0000
25.366293,2553516032,11783320,13,292.2406,36.5270,4744167424,0.0000,0.0000
25.418932,2790133760,11892288,13,239.5220,29.9524,4507189248,0.0000,0.0000
25.469486,3012399104,12001256,13,206.6005,25.8258,4284104704,0.0000,0.0000
25.522129,3283607552,12110224,13,198.7056,24.8501,4012261376,0.0000,0.0000
25.574836,3552579584,12219192,13,198.5258,24.8228,3742777344,0.0000,0.0000
25.627542,3686948864,12328152,13,198.4909,24.8256,3609083904,0.0000,0.0000
25.678105,3686948864,12437112,13,201.5035,25.2070,3609083904,0.0000,0.0000
25.730772,3686948864,12546072,13,196.7255,24.7060,3609083904,0.0000,0.0000
25.783385,3686948864,12655032,13,198.5205,24.8139,3609083904,0.0000,0.0000
25.834099,3686948864,12763992,13,205.7929,25.7473,3609083904,0.0000,0.0000
25.886739,3686948864,12872952,13,198.3659,24.7945,3609083904,0.0000,0.0000
25.939349,3686948864,12981912,13,198.7082,24.8929,3609083904,0.0000,0.0000
25.989895,3686948864,13090872,13,206.8127,25.8481,3609083904,0.0000,0.0000
26.042528,3686948864,13199832,13,198.7635,24.8599,3609083904,0.0000,0.0000
26.095216,3686948864,13308792,13,183.5983,22.9465,3609083904,0.0000,0.0000
26.145751,3686948864,13417752,13,206.9599,25.8833,3609083904,0.0000,0.0000
26.198340,3686948864,13526712,13,198.7594,24.8556,3609083904,0.0000,0.0000
26.250919,3686948864,13635672,13,198.8087,24.8532,3609083904,0.0000,0.0000
26.301457,3686948864,13744632,13,176.7683,22.1096,3609083904,0.0000,0.0000
26.354160,3686948864,13853592,13,193.5704,24.2018,3609083904,0.0000,0.0000
26.406875,3686948864,13962552,13,195.8380,24.4888,3609083904,0.0000,0.0000
26.459468,3686948864,14071512,13,192.4375,24.0613,3609083904,0.0000,0.0000
26.510140,3686948864,14180472,13,206.4959,25.8115,3609083904,0.0000,0.0000
26.562831,3687071744,14289432,13,197.8190,24.7380,3608821760,0.0000,0.0000
26.615432,3687071744,14398392,13,198.5145,24.8295,3608821760,0.0000,0.0000
26.666058,3687071744,14507352,13,206.6947,25.8381,3608821760,0.0000,0.0000
26.718735,3687071744,14616312,13,198.3477,24.8853,3608821760,0.0000,0.0000
26.771369,3687071744,14733512,13,196.0744,24.5095,3608821760,0.0000,0.0000
26.821963,3687071744,14842472,13,206.6866,25.8667,3608821760,0.0000,0.0000
26.874726,3687071744,14951432,13,198.3761,24.7970,3608895488,0.0000,0.0000
26.925496,3687071744,15060392,13,206.3569,25.8406,3608895488,0.0000,0.0000
26.979368,3687071744,15169352,13,196.3172,24.5403,3608895488,0.0000,0.0000
27.029935,3687071744,15278288,13,206.7820,25.8594,3608895488,0.0000,0.0000
27.082547,3687071744,15387248,13,198.7923,24.8488,3608895488,0.0000,0.0000
27.135298,3687071744,15496208,13,198.4008,24.8361,3608895488,0.0000,0.0000
27.185995,3687071744,15605168,13,206.6627,25.8077,3608895488,0.0000,0.0000
27.238698,3687071744,15714128,13,197.2852,24.6739,3608895488,0.0000,0.0000
27.291328,3687071744,15823088,13,186.3018,23.2891,3608895488,0.0000,0.0000
27.341838,3687071744,15932048,13,206.6806,25.8452,3608895488,0.0000,0.0000
27.394442,3687071744,16041008,13,198.6993,24.8372,3608895488,0.0000,0.0000
27.447166,3687071744,16149968,13,198.0737,24.7713,3608895488,0.0000,0.0000
27.497773,3687071744,16258928,13,206.5544,25.8215,3608895488,0.0000,0.0000
27.550404,3687071744,16367888,13,198.5400,24.8275,3608895488,0.0000,0.0000
27.603044,3687071744,16476848,13,198.1786,24.7842,3608895488,0.0000,0.0000
27.653558,3687071744,16585808,13,204.9071,25.6253,3608895488,0.0000,0.0000
27.706383,3687071744,16694768,13,198.2194,24.8453,3608895488,0.0000,0.0000
27.759026,3687071744,16803728,13,198.6167,24.8299,3608895488,0.0000,0.0000
27.809642,3687071744,16912688,13,206.6520,25.8451,3608895488,0.0000,0.0000
27.862292,3687071744,17021648,13,186.1731,23.2731,3608895488,0.0000,0.0000
27.914983,3687071744,17130608,13,185.3609,23.2263,3608895488,0.0000,0.0000
27.965511,3687071744,17239568,13,206.8577,25.8735,3608895488,0.0000,0.0000
28.018184,3687071744,17348528,13,198.6616,25.6709,3609276416,0.0000,0.0000
28.070795,3687071744,17457488,13,198.6535,24.8609,3609276416,0.0000,0.0000
28.123438,3687071744,17566448,13,184.8844,23.1274,3609276416,0.0000,0.0000
28.174161,3687071744,17675408,13,204.3645,25.5466,3609276416,0.0000,0.0000
28.226808,3687071744,17784368,13,197.5547,24.7083,3609276416,0.0000,0.0000
28.279446,3687071744,17893328,13,198.6128,24.8247,3609276416,0.0000,0.0000
28.330032,3687071744,18002288,13,206.3243,25.8106,3609276416,0.0000,0.0000
28.382721,3687071744,18111248,13,198.4593,24.8060,3609276416,0.0000,0.0000
28.435348,3687071744,18220208,13,197.7460,24.7363,3609280512,0.0000,0.0000
28.486977,3687071744,18329168,13,204.3200,25.5419,3609280512,0.0000,0.0000
28.537484,3687071744,18438128,13,199.6032,24.9724,3609280512,0.0000,0.0000
28.590367,3687071744,18547088,13,198.4305,24.8083,3609280512,0.0000,0.0000
28.643072,3687071744,18656048,13,197.7300,24.7281,3609280512,0.0000,0.0000
28.693592,3687071744,18765008,13,206.8800,25.9298,3609280512,0.0000,0.0000
28.746275,3687071744,18873968,13,198.5456,24.8317,3609280512,0.0000,0.0000
28.798939,3687071744,18982928,13,198.3674,24.7966,3609280512,0.0000,0.0000
28.849465,3687071744,19091888,13,206.7744,25.8577,3609280512,0.0000,0.0000
28.902100,3687071744,19200848,13,198.6522,24.8436,3609280512,0.0000,0.0000
28.954734,3687071744,19309808,13,198.6294,24.8619,3609280512,0.0000,0.0000
29.007353,3687071744,19418768,13,198.5545,24.8300,3609280512,0.0000,0.0000
29.057916,3687071744,19527728,13,206.8579,25.8595,3609280512,0.0000,0.0000
29.110764,3687071744,19636688,13,196.1834,24.5378,3609280512,0.0000,0.0000
29.163407,3687071744,19745648,13,190.9599,23.8709,3609280512,0.0000,0.0000
29.214164,3687071744,19854608,13,206.1907,25.8130,3609280512,0.0000,0.0000
29.267376,3687071744,19963568,13,195.5699,24.4406,3609280512,0.0000,0.0000
29.318291,3687071744,20072528,13,204.7138,25.5990,3609280512,0.0000,0.0000
29.371015,3687071744,20181488,13,196.5033,24.5648,3609280512,0.0000,0.0000
29.421521,3687047168,20290448,12,206.7612,25.8922,3609571328,0.0000,0.0000
29.474141,3687047168,20398248,12,196.5329,24.5668,3609571328,0.0000,0.0000
29.526977,3687047168,20506048,12,198.3383,24.8065,3609571328,0.0000,0.0000
29.577616,3687047168,20613848,12,206.4160,25.7909,3609571328,0.0000,0.0000
29.630569,3687047168,20721648,12,197.6821,24.7417,3609571328,0.0000,0.0000
29.683282,3687047168,20829448,12,198.3784,24.8035,3609571328,0.0000,0.0000
29.733964,3687047168,20937248,12,206.4279,25.8758,3609571328,0.0000,0.0000
29.786673,3687047168,21045048,12,193.9760,24.2470,3609571328,0.0000,0.0000
29.839365,3687047168,21152848,12,198.5254,24.8294,3609571328,0.0000,0.0000
29.889993,3687047168,21260648,12,207.6020,25.9673,3609571328,0.0000,0.0000
29.942596,3687047168,21368448,12,179.9194,22.6791,3609571328,0.0000,0.0000
29.995219,3687047168,21476248,12,173.1166,21.6405,3609571328,0.0000,0.0000
30.045842,3687059456,21584048,13,198.8278,24.8703,3609571328,0.0000,0.0000
30.098788,3687059456,21693008,13,194.2156,24.2753,3609571328,0.0000,0.0000
30.151453,3687059456,21801968,13,197.5973,24.7125,3609571328,0.0000,0.0000
30.202263,3687059456,21910928,13,205.8307,25.7682,3609571328,0.0000,0.0000
30.255496,3687059456,22019888,13,194.8424,24.3513,3609571328,0.0000,0.0000
30.306201,3687059456,22128848,13,206.3186,25.8014,3609571328,0.0000,0.0000
30.358871,3687059456,22237808,13,194.2594,24.2734,3609571328,0.0000,0.0000
30.409541,3687059456,22354544,13,211.5654,26.4711,3609571328,0.0000,0.0000
30.463828,3687059456,22463112,13,192.8549,24.1032,3609571328,0.0000,0.0000
30.514453,3687059456,22572072,13,204.4760,25.5738,3609571328,0.0000,0.0000
30.567222,3687059456,22681032,13,198.3327,24.7978,3609571328,0.0000,0.0000
30.617811,3687059456,22789992,13,206.7452,25.8656,3609571328,0.0000,0.0000
30.670437,3687059456,22898952,13,198.5992,24.8337,3609571328,0.0000,0.0000
30.723282,3687059456,23007912,13,197.9468,24.8190,3609571328,0.0000,0.0000
30.773962,3687059456,23116872,13,205.2929,25.6678,3609571328,0.0000,0.0000
30.826717,3687059456,23225832,13,198.3046,24.8037,3609571328,0.0000,0.0000
30.879457,3687059456,23334792,13,198.3326,24.7880,3609571328,0.0000,0.0000
30.930107,3687059456,23443752,13,206.5894,25.8674,3609571328,0.0000,0.0000
30.982793,3687059456,23552712,13,195.7248,24.4770,3609571328,0.0000,0.0000
31.035480,3687059456,7050976,13,199.9032,25.0216,3609571328,0.0000,0.0000
31.086750,3687071744,7162096,13,199.6341,24.9301,3609571328,0.0000,0.0000
31.139344,3687071744,7271104,13,196.7472,24.6112,3609571328,0.0000,0.0000
31.189907,3687071744,7379968,13,206.7203,25.8410,3609571328,0.0000,0.0000
31.242721,3687071744,7488928,13,198.3054,24.7969,3609571328,0.0000,0.0000
31.293561,3687071744,7597888,13,204.5548,25.5637,3609571328,0.0000,0.0000
31.346293,3687071744,7706848,13,196.4955,24.5887,3609571328,0.0000,0.0000
31.399135,3687071744,7815808,13,198.1049,24.7667,3609571328,0.0000,0.0000
31.449964,3687071744,7924768,13,205.9812,25.8084,3609571328,0.0000,0.0000
31.502616,3687071744,8033728,13,195.3426,24.4221,3609571328,0.0000,0.0000
31.555265,3687071744,8142688,13,198.7107,24.8460,3609571328,0.0000,0.0000
31.605804,3687071744,8251648,13,206.8454,25.8683,3609571328,0.0000,0.0000
31.658446,3687071744,8360608,13,198.6159,24.8298,3609571328,0.0000,0.0000
31.711420,3687071744,8469568,13,193.7165,24.3474,3609571328,0.0000,0.0000
31.762045,3687071744,8578528,13,205.9251,25.7362,3609571328,0.0000,0.0000
31.814691,3687071744,8687488,13,197.7415,24.7374,3609571328,0.0000,0.0000
31.867375,3687071744,8796448,13,198.4629,24.8064,3609571328,0.0000,0.0000
31.917931,3687071744,8905408,13,206.7889,25.9010,3609571328,0.0000,0.0000
31.970541,3687071744,9014368,13,196.6003,24.5643,3609571328,0.0000,0.0000
32.023173,3687071744,9123328,13,200.8713,25.1358,3609571328,0.0000,0.0000
32.073778,3687071744,9232288,13,189.7619,23.7197,3609571328,0.0000,0.0000
32.126390,3687071744,9341248,13,198.3433,24.8093,3609571328,0.0000,0.0000
32.179223,3687071744,9450208,13,198.2065,24.7756,3609571328,0.0000,0.0000
32.230199,3687071744,9559168,13,197.2881,24.6990,3609571328,0.0000,0.0000
32.283532,3687071744,9668128,13,197.1578,24.6431,3609571328,0.0000,0.0000
32.334138,3687071744,9777088,13,204.6492,25.6066,3609571328,0.0000,0.0000
32.386787,3687071744,9886048,13,198.5116,24.8147,3609571328,0.0000,0.0000
32.437517,3687071744,9995008,13,205.2281,25.6727,3609571328,0.0000,0.0000
32.490481,3687071744,10103968,13,196.9874,24.6156,3609571328,0.0000,0.0000
32.543184,3687071744,10212928,13,198.9317,24.8890,3609571328,0.0000,0.0000
32.593756,3687071744,10321888,13,206.7789,25.8493,3609571328,0.0000,0.0000
32.646367,3687071744,10430848,13,198.6756,24.8546,3609571328,0.0000,0.0000
32.699304,3687071744,10539808,13,201.6741,25.2737,3609571328,0.0000,0.0000
32.749842,3687071744,10648768,13,194.9934,24.3903,3609571328,0.0000,0.0000
32.802460,3687071744,10757728,13,198.6590,24.8234,3609571328,0.0000,0.0000
32.855123,3687071744,10866688,13,198.5136,24.8382,3609571328,0.0000,0.0000
32.905881,3687071744,10975648,13,206.3962,25.7973,3609571328,0.0000,0.0000
32.958528,3687071744,11084608,13,188.3461,23.5910,3609571328,0.0000,0.0000
33.011282,3687071744,11193568,13,190.1157,23.7754,3609571328,0.0000,0.0000
33.061830,3687071744,11306408,13,201.6820,25.2234,3609571328,0.0000,0.0000
33.114713,3687071744,11414976,13,197.6548,24.7236,3609571328,0.0000,0.0000
33.167472,3687071744,11523936,13,198.3032,24.7879,3609571328,0.0000,0.0000
33.218179,3687071744,11632896,13,206.3921,25.8217,3609571328,0.0000,0.0000
33.271160,3687071744,11741856,13,197.7838,24.7213,3609571328,0.0000,0.0000
33.321815,3687071744,11850816,13,206.5522,25.8225,3609571328,0.0000,0.0000
33.374699,3687071744,11959776,13,198.3065,24.7992,3609571328,0.0000,0.0000
33.427398,3687071744,12068736,13,198.3996,25.1688,3609571328,0.0000,0.0000
33.478026,3687071744,12177696,13,194.8048,24.3501,3609571328,0.0000,0.0000
33.530632,3687071744,12286656,13,199.1081,24.9097,3609571328,0.0000,0.0000
33.583307,3687071744,12395616,13,198.5690,24.8159,3609571328,0.0000,0.0000
33.634029,3687071744,12504576,13,206.4028,25.8068,3609571328,0.0000,0.0000
33.686846,3687071744,12613536,13,198.1979,24.7911,3609571328,0.0000,0.0000
33.737564,3687071744,12722496,13,206.3528,25.8833,3609309184,0.0000,0.0000
33.790239,3687071744,12831456,13,191.0194,23.8807,3609309184,0.0000,0.0000
33.843110,3687071744,12940416,13,195.6138,24.4583,3609309184,0.0000,0.0000
33.893788,3687071744,13049376,13,206.5851,25.8342,3609309184,0.0000,0.0000
33.946394,3687071744,13158336,13,198.7115,24.8850,3609309184,0.0000,0.0000
33.999007,3687071744,13267296,13,198.6802,24.8345,3609309184,0.0000,0.0000
34.049511,3687071744,13376256,13,181.2296,22.6742,3609309184,0.0000,0.0000
34.102137,3687071744,13485216,13,198.7272,24.8385,3609309184,0.0000,0.0000
34.154827,3687071744,13594176,13,184.2157,23.0459,3609309184,0.0000,0.0000
34.205469,3687071744,13703136,13,206.5641,25.8175,3609309184,0.0000,0.0000
34.258191,3687071744,13812096,13,198.1188,24.7767,3609309184,0.0000,0.0000
34.310861,3687071744,13921056,13,198.5312,24.8261,3609309184,0.0000,0.0000
34.361473,3687071744,14030016,13,198.5782,25.8574,3609309184,0.0000,0.0000
34.414576,3687071744,14138976,13,204.4543,24.6044,3609309184,0.0000,0.0000
34.466327,3687071744,14247936,13,198.7436,24.8350,3609309184,0.0000,0.0000
34.518954,3687059456,14356896,12,197.7669,24.7686,3609309184,0.0000,0.0000
34.569578,3687059456,14464696,12,206.5151,25.8169,3609309184,0.0000,0.0000
34.622313,3687059456,14572496,12,197.1605,24.6569,3609309184,0.0000,0.0000
34.675025,3687059456,14680296,12,198.4417,24.8154,3609309184,0.0000,0.0000
34.725531,3687059456,14788096,12,206.9058,25.9402,3609309184,0.0000,0.0000
34.778223,3687059456,14895896,12,198.5539,24.8088,3609309184,0.0000,0.0000
34.830871,3687059456,15003696,12,183.2916,22.9404,3609309184,0.0000,0.0000
34.882603,3687059456,15111496,12,198.4169,24.8113,3609309184,0.0000,0.0000
34.935234,3687059456,15219296,12,195.3354,24.4625,3609309184,0.0000,0.0000
34.985817,3687059456,15327096,12,206.6509,25.8323,3609309184,0.0000,0.0000
35.038459,3687059456,15430616,12,198.6619,24.8470,3609309184,0.0000,0.0000
35.091567,3687059456,15542672,12,197.7427,24.7176,3609309184,0.0000,0.0000
35.142110,3687059456,15650472,12,206.7843,25.8626,3609309184,0.0000,0.0000
35.192630,3687059456,15758272,12,194.1893,24.2690,3609309184,0.0000,0.0000
35.247377,3687059456,15866072,12,178.6528,22.3693,3609309184,0.0000,0.0000
35.297955,3687059456,15973872,12,200.5674,25.0652,3609309184,0.0000,0.0000
35.350694,3687059456,16081672,12,193.5460,24.2129,3609309184,0.0000,0.0000
35.403318,3687059456,16189472,12,192.2780,24.0355,3609309184,0.0000,0.0000
35.454135,3687059456,16297272,12,205.6052,25.7213,3609309184,0.0000,0.0000
35.507227,3687059456,16405072,12,197.7055,24.7073,3609309184,0.0000,0.0000
35.559066,3687059456,16512872,12,204.5533,25.5749,3609309184,0.0000,0.0000
35.610441,3687059456,16620672,12,204.5190,25.5892,3609309184,0.0000,0.0000
35.663139,3687059456,16728472,12,198.5146,24.8236,3609309184,0.0000,0.0000
35.713629,3687059456,16836272,12,206.6909,25.9176,3609309184,0.0000,0.0000
35.766230,3687059456,16944072,12,197.4932,24.6845,3609309184,0.0000,0.0000
35.818862,3687059456,17051872,12,198.7513,24.8577,3609309184,0.0000,0.0000
35.869443,3687059456,17159672,12,206.6772,25.8356,3609309184,0.0000,0.0000
35.922063,3687059456,17267472,12,198.6572,24.8770,3609309184,0.0000,0.0000
35.974910,3687059456,17375272,12,199.2374,24.9078,3609309184,0.0000,0.0000
36.025467,3687059456,17483072,12,205.7630,25.7387,3609309184,0.0000,0.0000
36.078144,3687059456,17590872,12,198.4494,24.8159,3609309184,0.0000,0.0000
36.130782,3687059456,17698672,12,198.7990,24.8546,3609309184,0.0000,0.0000
36.183384,3687059456,17806472,12,198.8890,24.8614,3609309184,0.0000,0.0000
36.233927,3687059456,17914272,12,206.5639,25.8368,3609309184,0.0000,0.0000
36.286535,3687059456,18022072,12,198.7059,24.8375,3609309184,0.0000,0.0000
36.339163,3687059456,18129872,12,195.6255,24.4558,3609309184,0.0000,0.0000
36.389719,3687059456,18237672,12,206.2403,25.8493,3609309184,0.0000,0.0000
36.442311,3687059456,18345472,12,198.7466,24.8628,3609309184,0.0000,0.0000
36.495047,3687059456,18453272,12,198.3427,24.7938,3609309184,0.0000,0.0000
36.545841,3687059456,18561072,12,200.4174,25.0736,3609309184,0.0000,0.0000
36.598446,3687059456,18668872,12,194.2698,24.2832,3609309184,0.0000,0.0000
36.651265,3687059456,18776672,12,198.3408,24.8058,3609309184,0.0000,0.0000
36.702243,3687059456,18884472,12,205.4980,25.7569,3609309184,0.0000,0.0000
36.755074,3687059456,18992272,12,195.8184,24.4908,3609309184,0.0000,0.0000
36.805598,3687059456,19100072,12,206.8716,25.8659,3609309184,0.0000,0.0000
36.858244,3687059456,19207872,12,198.5807,24.8292,3609309184,0.0000,0.0000
36.910859,3687059456,19315672,12,198.7011,24.8376,3609309184,0.0000,0.0000
36.961527,3687059456,19423472,12,206.5240,25.8624,3609309184,0.0000,0.0000
37.014205,3687059456,19531272,13,198.7414,24.9566,3609309184,0.0000,0.0000
37.065856,3687059456,19640208,13,202.0774,25.1665,3609309184,0.0000,0.0000
37.118507,3687059456,19749168,12,198.6735,24.8670,3609309184,0.0000,0.0000
37.171205,3687059456,19856968,12,198.5055,24.8158,3609309184,0.0000,0.0000
37.221801,3687059456,19964768,12,206.7792,25.8649,3609309184,0.0000,0.0000
37.274444,3687059456,20072568,12,198.7125,24.8405,3609309184,0.0000,0.0000
37.327136,3725123584,8914920,12,190.0706,23.7742,3571228672,0.0000,0.0000
37.377995,3725123584,9022552,12,205.9427,25.7414,3571228672,0.0000,0.0000
37.430593,3725189120,9138552,12,248.3074,31.0467,3571232768,0.0000,0.0000
37.483330,3725238272,9246352,12,264.2775,33.0361,3571232768,0.0000,0.0000
37.533942,3725238272,9354152,12,206.7016,25.8612,3571232768,0.0000,0.0000
37.587135,3725238272,9461952,12,197.3500,24.6697,3571232768,0.0000,0.0000
37.637855,3725238272,9569752,12,206.4255,25.8165,3571232768,0.0000,0.0000
37.690610,3725238272,9677552,12,198.1909,24.7864,3571232768,0.0000,0.0000
37.743372,3725238272,9785352,12,197.3735,24.7328,3571232768,0.0000,0.0000
37.793945,3725238272,9893152,12,201.9334,25.2427,3571232768,0.0000,0.0000
37.846651,3725238272,10000952,12,198.4226,24.8208,3571232768,0.0000,0.0000
37.899403,3725238272,10108752,12,198.4027,24.8006,3571232768,0.0000,0.0000
37.950031,3725238272,10216552,12,206.6342,25.8789,3571232768,0.0000,0.0000
38.002752,3725238272,10324352,12,198.4594,24.8117,3571232768,0.0000,0.0000
38.055450,3725238272,10432152,12,198.5119,25.7661,3571228672,0.0000,0.0000
38.106010,3725238272,10539952,12,206.7140,25.8393,3571228672,0.0000,0.0000
38.158803,3725238272,10647752,12,198.6627,24.8421,3571228672,0.0000,0.0000
38.211491,3725238272,10755552,12,198.0960,24.7629,3571228672,0.0000,0.0000
38.262128,3725238272,10863352,12,191.7913,23.9924,3571228672,0.0000,0.0000
38.314903,3725238272,10971152,12,197.4124,24.6827,3571228672,0.0000,0.0000
38.366003,3725238272,11078952,12,202.4274,25.4240,3571228672,0.0000,0.0000
38.418702,3725238272,11186752,12,191.2381,23.9078,3571228672,0.0000,0.0000
38.469499,3725238272,11294552,12,205.8129,25.7399,3571228672,0.0000,0.0000
38.522337,3725238272,11402352,12,198.2951,24.8023,3571228672,0.0000,0.0000
38.575036,3725238272,11510152,12,197.7795,24.7220,3571228672,0.0000,0.0000
38.625514,3725238272,11617952,12,203.2291,25.4150,3571228672,0.0000,0.0000
38.678102,3725238272,11725752,12,198.7419,24.8503,3571228672,0.0000,0.0000
38.730734,3725238272,11833552,12,198.2019,24.8460,3571228672,0.0000,0.0000
38.783308,3725238272,11941352,12,191.7521,23.9693,3571228672,0.0000,0.0000
38.833826,3725238272,12049152,12,206.9128,25.8824,3571232768,0.0000,0.0000
38.886399,3725238272,12156976,12,198.7393,24.8436,3571232768,0.0000,0.0000
38.939162,3725238272,12264776,12,198.5270,24.8768,3571232768,0.0000,0.0000
38.989814,3725238272,12372576,12,206.5012,25.8220,3571232768,0.0000,0.0000
39.042515,3725238272,12480376,12,196.8190,24.6121,3571232768,0.0000,0.0000
39.095113,3725238272,12588176,12,198.7201,24.8407,3571232768,0.0000,0.0000
39.145620,3725238272,12695976,12,206.9151,25.8869,3571232768,0.0000,0.0000
39.198211,3725238272,12803776,12,169.6849,21.2021,3571232768,0.0000,0.0000
39.250797,3725238272,12911576,12,198.4893,24.8280,3571232768,0.0000,0.0000
39.303439,3725238272,13019376,12,195.9534,24.4935,3571232768,0.0000,0.0000
39.353988,3725238272,13127176,12,205.1965,25.6674,3571232768,0.0000,0.0000
39.407294,3725238272,13234976,12,196.6758,24.5842,3571232768,0.0000,0.0000
39.457972,3725238272,13342776,12,206.7899,25.8630,3571232768,0.0000,0.0000
39.508652,3725238272,13450576,12,169.3005,21.1640,3571232768,0.0000,0.0000
39.561467,3725238272,13558376,12,191.1859,23.9091,3571232768,0.0000,0.0000
39.614221,3725238272,13666176,12,198.2378,24.7774,3571232768,0.0000,0.0000
39.666925,3725238272,13773976,12,197.7922,24.7420,3571232768,0.0000,0.0000
39.717500,3725238272,13881776,12,195.1292,24.4529,3571232768,0.0000,0.0000
39.770170,3725238272,13989576,12,198.5392,24.8288,3571232768,0.0000,0.0000
39.822792,3725238272,14097376,12,198.6192,24.8395,3571232768,0.0000,0.0000
39.875421,3725238272,14205176,12,198.5719,24.8236,3571232768,0.0000,0.0000
39.926214,3725238272,14312976,12,179.5811,22.5020,3571232768,0.0000,0.0000
39.978967,3725238272,14420776,12,196.3175,24.5390,3571232768,0.0000,0.0000
40.029456,3725238272,14528576,12,207.0213,25.8955,3571232768,0.0000,0.0000
40.082261,3725238272,14636376,12,198.2736,24.7970,3571232768,0.0000,0.0000
40.134917,3725238272,14744176,12,197.9436,24.7446,3571232768,0.0000,0.0000
40.185498,3725238272,14851976,12,204.8908,25.6109,3571232768,0.0000,0.0000
40.238096,3725238272,14959776,12,198.2916,24.8021,3571232768,0.0000,0.0000
40.290723,3725238272,15067576,12,198.6596,24.8327,3571232768,0.0000,0.0000
40.343493,3725238272,15175376,12,197.8578,24.7689,3571232768,0.0000,0.0000
40.394353,3725238272,15283176,12,206.1045,25.7572,3571232768,0.0000,0.0000
40.446968,3725238272,15390976,12,197.8531,24.7447,3571232768,0.0000,0.0000
40.497470,3725238272,15498776,12,206.2948,25.7849,3571232768,0.0000,0.0000
40.550119,3725238272,15606576,12,198.3665,24.8127,3571232768,0.0000,0.0000
40.602791,3725238272,15714376,12,198.5902,24.8416,3571232768,0.0000,0.0000
40.655387,3725238272,15822176,12,198.6980,24.8494,3571232768,0.0000,0.0000
40.705935,3725238272,15929976,12,206.7757,25.9098,3571232768,0.0000,0.0000
40.758529,3725238272,16037776,12,198.6569,24.8478,3571232768,0.0000,0.0000
40.811157,3725238272,16145576,12,198.5833,24.8296,3571232768,0.0000,0.0000
40.861712,3725238272,16253376,12,206.6863,25.8467,3571232768,0.0000,0.0000
40.914308,3725238272,16356832,12,198.7189,24.8408,3571232768,0.0000,0.0000
40.966913,3725238272,16468928,12,197.2516,24.7054,3571232768,0.0000,0.0000
41.019465,3725238272,16576728,12,197.2656,24.6558,3571232768,0.0000,0.0000
41.070184,3725238272,16684528,12,206.2198,25.7881,3571232768,0.0000,0.0000
41.122799,3725238272,16792328,12,198.6817,24.8350,3571232768,0.0000,0.0000
41.175387,3725238272,16900128,12,196.4620,24.5696,3571232768,0.0000,0.0000
41.225905,3725238272,17007928,12,206.1365,25.7794,3571232768,0.0000,0.0000
41.278466,3725238272,17115728,12,198.2352,24.7813,3571232768,0.0000,0.0000
41.331050,3725238272,17223528,12,198.5688,24.8349,3571232768,0.0000,0.0000
41.381531,3725238272,17331328,12,206.7653,25.8469,3571232768,0.0000,0.0000
41.434208,3725238272,17439128,12,198.3845,24.8137,3571232768,0.0000,0.0000
41.486741,3725213696,17546928,11,198.8560,24.8934,3571245056,0.0000,0.0000
41.539345,3725213696,17653568,11,198.7526,24.8564,3571245056,0.0000,0.0000
41.589836,3725213696,17760208,11,206.9902,25.8782,3571245056,0.0000,0.0000
41.642595,3725213696,17866848,11,195.8631,24.5116,3571245056,0.0000,0.0000
41.695367,3725213696,17973488,11,198.2828,24.8052,3571245056,0.0000,0.0000
41.745914,3725213696,18080128,11,206.7723,25.9183,3571245056,0.0000,0.0000
41.798517,3725213696,18186768,11,198.6621,24.8351,3571245056,0.0000,0.0000
41.851129,3725213696,18293408,11,198.6406,24.8441,3571245056,0.0000,0.0000
41.901621,3725213696,18400048,11,206.6241,25.8233,3571245056,0.0000,0.0000
41.954215,3725213696,18506688,11,198.8261,24.9025,3571245056,0.0000,0.0000
42.006799,3725213696,18613328,11,197.8161,24.7268,3571245056,0.0000,0.0000
42.059405,3725213696,18719968,11,195.4998,24.4503,3571245056,0.0000,0.0000
42.110119,3725225984,18826608,12,208.0522,26.0132,3570982912,0.0000,0.0000
42.163163,3725225984,18934408,12,197.3381,24.6896,3570982912,0.0000,0.0000
42.213654,3725225984,19042208,12,206.9439,25.8722,3570982912,0.0000,0.0000
42.266241,3725225984,19150008,12,198.4194,24.8162,3570982912,0.0000,0.0000
42.318850,3725225984,19257808,12,199.6164,24.9544,3570982912,0.0000,0.0000
42.371504,3725225984,19365608,12,189.0975,23.6455,3570982912,0.0000,0.0000
42.422016,3725225984,19473408,12,209.9806,26.2481,3570982912,0.0000,0.0000
42.474594,3725225984,19581208,12,198.7310,24.8502,3570982912,0.0000,0.0000
42.527148,3725225984,19689008,12,198.9306,24.8818,3570982912,0.0000,0.0000
42.577621,3725225984,19796808,12,206.9083,25.8712,3570982912,0.0000,0.0000
42.630201,3725225984,19904608,12,198.7996,24.8571,3570982912,0.0000,0.0000
42.682777,3725225984,20012408,12,198.6583,24.8425,3570982912,0.0000,0.0000
42.735376,3725225984,20120208,12,198.5977,24.8913,3570982912,0.0000,0.0000
42.785902,3725225984,20228008,12,206.8530,25.8574,3570982912,0.0000,0.0000
42.838492,3725225984,20335808,12,198.7233,24.8547,3570982912,0.0000,0.0000
42.891210,3725225984,20443608,12,198.6077,24.8264,3570982912,0.0000,0.0000
42.941714,3725225984,20546800,12,206.9661,25.9210,3570982912,0.0000,0.0000
42.994371,3725225984,20659208,12,189.6119,23.6922,3570982912,0.0000,0.0000
43.047017,3725225984,20767008,12,197.2986,24.6887,3570982912,0.0000,0.0000
43.097541,3725225984,20874808,12,206.5545,25.8280,3570982912,0.0000,0.0000
43.150541,3725225984,20982608,12,197.8479,24.7470,3570982912,0.0000,0.0000
43.203355,3725225984,21090408,12,198.1119,24.7635,3570982912,0.0000,0.0000
43.253950,3725225984,21198208,12,206.3825,25.8102,3570982912,0.0000,0.0000
43.306603,3725225984,21306008,12,198.5482,24.8188,3570982912,0.0000,0.0000
43.359298,3725225984,21413808,12,198.2264,24.7816,3570982912,0.0000,0.0000
43.409806,3725225984,21521608,12,206.6988,25.8480,3570982912,0.0000,0.0000
43.462421,3725225984,21629408,12,198.6749,24.8517,3570982912,0.0000,0.0000
43.515030,3725225984,21737208,12,198.7109,24.8472,3570982912,0.0000,0.0000
43.565524,3725225984,21845008,12,206.9993,25.9049,3570982912,0.0000,0.0000
43.618127,3725225984,21952808,12,198.6335,24.8299,3570982912,0.0000,0.0000
43.670751,3725225984,22060608,12,198.5676,24.8333,3570982912,0.0000,0.0000
43.723365,3725225984,22168408,12,198.6893,24.8989,3570982912,0.0000,0.0000
43.773894,3725225984,22276208,12,206.8403,25.8639,3570982912,0.0000,0.0000
43.826538,3725225984,22384008,12,198.3280,24.7917,3570982912,0.0000,0.0000
43.879302,3725225984,22491808,12,194.9792,24.3814,3570982912,0.0000,0.0000
43.929833,3725225984,22599608,12,204.8798,25.6602,3570982912,0.0000,0.0000
43.982408,3725225984,22707408,12,198.6408,24.8311,3570982912,0.0000,0.0000
44.035129,3725225984,22815208,12,195.3927,24.4431,3570982912,0.0000,0.0000
44.085701,3725225984,22923008,12,206.6408,25.8420,3570982912,0.0000,0.0000
44.138305,3725225984,23030808,12,198.1785,24.7790,3570982912,0.0000,0.0000
44.190959,3725225984,23138608,12,196.8326,24.6072,3570982912,0.0000,0.0000
44.241456,3725225984,23246408,12,206.9043,25.8757,3570982912,0.0000,0.0000
44.294280,3725225984,23354208,12,195.7175,24.4668,3570982912,0.0000,0.0000
44.346897,3725225984,23462008,12,198.4188,24.8183,3570982912,0.0000,0.0000
44.399503,3725225984,23569808,12,198.7241,24.8374,3570982912,0.0000,0.0000
44.450046,3725225984,23677608,12,206.7662,26.2937,3570982912,0.0000,0.0000
44.502704,3725225984,23785408,12,176.9025,22.1140,3570982912,0.0000,0.0000
44.555332,3725225984,23893208,12,195.0870,24.3994,3570982912,0.0000,0.0000
44.605846,3725225984,24001008,12,206.9018,25.8632,3570982912,0.0000,0.0000
44.658945,3725225984,24108808,12,196.8655,24.6296,3570982912,0.0000,0.0000
44.709447,3725225984,24216608,12,198.7743,24.9072,3570982912,0.0000,0.0000
44.762045,3725225984,24324408,12,197.8931,24.7516,3570982912,0.0000,0.0000
44.814694,3725225984,24432208,12,195.6481,24.4579,3570982912,0.0000,0.0000
44.867380,3725225984,24540008,12,196.8648,24.6219,3570982912,0.0000,0.0000
44.918032,3725225984,24647808,12,206.4364,25.8152,3570982912,0.0000,0.0000
44.969976,3725225984,8000584,12,203.8072,25.5245,3570982912,0.0000,0.0000
45.022577,3725225984,8107560,12,195.9735,24.4979,3570982912,0.0000,0.0000
45.075229,3725225984,8210456,12,198.4308,24.8152,3570982912,0.0000,0.0000
45.125758,3725225984,8323608,12,205.1048,25.6344,3570982912,0.0000,0.0000
45.178489,3725225984,8430648,12,198.0914,24.7752,3570982912,0.0000,0.0000
45.231206,3725225984,8539720,12,198.4756,24.8121,3570982912,0.0000,0.0000
45.281804,3725225984,8646696,12,206.8690,25.8690,3570982912,0.0000,0.0000
45.334489,3725225984,8749592,12,198.3908,24.8098,3570982912,0.0000,0.0000
45.387107,3725225984,8862744,12,198.5393,24.8207,3570982912,0.0000,0.0000
45.437646,3725225984,8969480,12,206.7715,25.8657,3570982912,0.0000,0.0000
45.490457,3725225984,9077280,12,198.4689,24.8039,3570982912,0.0000,0.0000
45.543079,3725225984,9185080,12,201.1706,25.1644,3570982912,0.0000,0.0000
45.593571,3725225984,9292880,12,198.2789,24.8002,3570982912,0.0000,0.0000
45.646237,3725225984,9400680,12,199.0985,24.8997,3570982912,0.0000,0.0000
45.698877,3725225984,9508480,12,195.7489,24.4774,3570982912,0.0000,0.0000
45.749479,3725225984,9616280,12,206.0745,25.8364,3570982912,0.0000,0.0000
45.802232,3725225984,9724080,12,199.5200,24.9405,3570982912,0.0000,0.0000
45.855049,3725225984,9831880,12,196.4280,24.5675,3570982912,0.0000,0.0000
45.905709,3725225984,9939680,12,206.3573,25.7971,3570982912,0.0000,0.0000
45.958416,3725225984,10047480,12,198.2139,24.8239,3570982912,0.0000,0.0000
46.011124,3725225984,10155280,12,198.3251,24.7909,3570982912,0.0000,0.0000
46.061727,3725213696,10263080,11,206.7174,25.8869,3570982912,0.0000,0.0000
46.114391,3725213696,10369720,11,198.6446,24.8313,3570982912,0.0000,0.0000
46.167080,3725213696,10476360,11,198.5310,24.8275,3570982912,0.0000,0.0000
46.217824,3725213696,10583000,11,206.3389,25.7921,3570982912,0.0000,0.0000
46.270457,3725213696,10689640,11,198.9144,24.8774,3570982912,0.0000,0.0000
46.323260,3725213696,10796280,11,198.3277,24.7948,3570982912,0.0000,0.0000
46.373810,3725213696,10902920,11,206.7395,25.8565,3570982912,0.0000,0.0000
46.426404,3725213696,11009560,11,188.3531,23.5451,3570982912,0.0000,0.0000
46.479024,3725213696,11116200,11,197.2071,24.7020,3570982912,0.0000,0.0000
46.529555,3725213696,11222840,11,205.1889,25.6459,3570982912,0.0000,0.0000
46.582202,3725213696,11329480,11,197.5945,24.7100,3570982912,0.0000,0.0000
46.634847,3725213696,11436120,11,198.3778,24.8108,3570982912,0.0000,0.0000
46.687468,3725213696,11542760,11,196.7941,24.6004,3570982912,0.0000,0.0000
46.737981,3725213696,11649400,11,206.3794,25.8833,3570982912,0.0000,0.0000
46.790561,3725213696,11756040,11,197.4808,24.6865,3570982912,0.0000,0.0000
46.843221,3725213696,11862680,11,197.4873,24.7040,3570982912,0.0000,0.0000
46.893739,3725213696,11969320,11,206.8229,25.8514,3570982912,0.0000,0.0000
46.946320,3725213696,12075960,11,198.7463,24.8944,3570982912,0.0000,0.0000
46.998911,3725213696,12182624,11,198.7698,24.8479,3570982912,0.0000,0.0000
47.049436,3725213696,12289264,11,206.8833,25.8817,3570982912,0.0000,0.0000
47.102055,3725213696,12395904,11,190.9786,23.8709,3570982912,0.0000,0.0000
47.154729,3725213696,12502544,11,206.1511,25.7919,3570982912,0.0000,0.0000
47.207392,3725213696,12609184,11,198.6598,24.8337,3570982912,0.0000,0.0000
47.257940,3725213696,12715824,11,200.2964,25.0519,3570982912,0.0000,0.0000
47.310555,3725213696,12822464,11,197.2913,24.6614,3570982912,0.0000,0.0000
47.363209,3725213696,12929104,11,198.3686,24.8108,3570982912,0.0000,0.0000
47.413841,3725213696,13035744,11,206.5058,25.8127,3570982912,0.0000,0.0000
47.466487,3725213696,13142384,11,197.4706,24.7085,3570982912,0.0000,0.0000
47.519205,3725213696,13249024,11,196.5192,24.5682,3570982912,0.0000,0.0000
47.569841,3725213696,13355664,11,205.3263,25.6766,3570982912,0.0000,0.0000
47.622465,3725213696,13462304,11,196.8634,24.6089,3570982912,0.0000,0.0000
47.675203,3725213696,13568944,11,197.0447,24.6529,3570982912,0.0000,0.0000
47.725750,3725213696,13675584,11,206.7933,25.9167,3570982912,0.0000,0.0000
47.778393,3725213696,13782224,11,199.9612,25.0058,3570982912,0.0000,0.0000
47.831043,3725213696,13888864,11,197.2084,24.6501,3570982912,0.0000,0.0000
47.881588,3725213696,13995504,11,205.5633,25.7048,3570982912,0.0000,0.0000
47.934210,3725213696,14102144,11,198.9183,24.9021,3570982912,0.0000,0.0000
47.988724,3725213696,14208784,11,195.0310,24.3954,3570982912,0.0000,0.0000
48.039347,3725213696,14315424,11,206.7195,26.7948,3570876416,0.0000,0.0000
48.089965,3725729792,19544720,12,181.3354,22.6798,3570286592,0.0000,0.0000
48.142711,3725729792,19652520,12,189.8824,23.7294,3570286592,0.0000,0.0000
48.193438,3725729792,19760320,12,198.8141,24.8599,3570286592,0.0000,0.0000
48.246058,3725729792,19868120,12,198.1265,24.7784,3570286592,0.0000,0.0000
48.298795,3725729792,19975920,12,198.4470,24.8073,3570286592,0.0000,0.0000
48.349625,3725729792,20083720,12,205.7084,25.7487,3570286592,0.0000,0.0000
48.402547,3725729792,20191520,12,198.2484,24.7605,3570286592,0.0000,0.0000
48.455193,3725729792,20299320,12,198.5298,24.8274,3570286592,0.0000,0.0000
48.505731,3725729792,20407120,12,206.6294,25.8302,3570286592,0.0000,0.0000
48.559281,3725729792,20514920,12,196.8045,24.6118,3570286592,0.0000,0.0000
48.609799,3725729792,20622720,12,206.6158,25.8267,3570286592,0.0000,0.0000
48.662419,3725729792,20730520,12,198.7415,24.8577,3570286592,0.0000,0.0000
48.715226,3725729792,20838320,12,198.0211,24.8099,3570286592,0.0000,0.0000
48.765799,3725729792,20946120,12,206.7653,25.8627,3570286592,0.0000,0.0000
48.818562,3725729792,21053920,12,198.3246,24.7922,3570286592,0.0000,0.0000
48.871283,3725729792,21161720,12,198.3339,24.8038,3570286592,0.0000,0.0000
48.921809,3725729792,21266328,12,206.8602,25.8598,3570286592,0.0000,0.0000
48.974415,3725729792,21377272,12,198.6621,24.8755,3570286592,0.0000,0.0000
49.027069,3725729792,21485072,12,198.7929,24.8550,3570286592,0.0000,0.0000
49.077837,3725729792,21592872,12,206.0045,25.7658,3570286592,0.0000,0.0000
49.130485,3725729792,21700672,12,197.2390,24.6508,3570286592,0.0000,0.0000
49.183110,3725729792,21808472,12,198.4471,24.8187,3570286592,0.0000,0.0000
49.233612,3725729792,21916272,12,206.8841,25.8637,3570286592,0.0000,0.0000
49.286257,3725729792,22024072,12,198.4694,24.8215,3570290688,0.0000,0.0000
49.338949,3725729792,22131872,12,198.4066,24.8170,3570290688,0.0000,0.0000
49.389459,3725729792,22239672,12,206.3817,25.8242,3570290688,0.0000,0.0000
49.442053,3725729792,22347472,12,198.3983,24.7889,3570290688,0.0000,0.0000
49.494623,3725729792,22455272,12,198.6452,24.8352,3570290688,0.0000,0.0000
49.547204,3725729792,22563072,12,199.1176,24.8987,3570290688,0.0000,0.0000
49.597699,3725729792,22670872,12,206.5813,25.8234,3570290688,0.0000,0.0000
49.650278,3725729792,22778672,12,198.7607,24.8586,3570290688,0.0000,0.0000
49.702854,3725729792,22886472,12,198.6967,24.8397,3570290688,0.0000,0.0000
49.755505,3725729792,22994272,12,198.5357,24.8908,3570290688,0.0000,0.0000
49.806029,3725729792,23102072,12,206.8800,25.8612,3570290688,0.0000,0.0000
49.858606,3725729792,23209872,12,198.6644,24.8514,3570290688,0.0000,0.0000
49.911206,3725729792,23317672,12,198.7452,24.8408,3570290688,0.0000,0.0000
49.961711,3725729792,23425472,12,206.4575,25.8537,3570290688,0.0000,0.0000
50.014300,3725729792,23533272,12,196.7282,24.5917,3570290688,0.0000,0.0000
50.066884,3725729792,23641072,12,198.6562,24.8468,3570290688,0.0000,0.0000
50.119465,3725729792,23748872,12,198.8125,24.8523,3570290688,0.0000,0.0000
50.170013,3725729792,23856672,12,206.4145,25.8223,3570290688,0.0000,0.0000
50.222633,3725729792,23964472,12,198.5861,24.8228,3570290688,0.0000,0.0000
50.275236,3725729792,24072272,12,198.3746,24.8056,3570290688,0.0000,0.0000
50.325755,3725729792,24180072,12,206.5167,25.8136,3570290688,0.0000,0.0000
50.378314,3725729792,24287872,12,198.8051,24.8630,3570290688,0.0000,0.0000
50.430894,3725729792,24395672,12,194.1160,24.2723,3570290688,0.0000,0.0000
50.481453,3725729792,24503472,12,206.8498,25.8604,3570290688,0.0000,0.0000
50.534085,3725729792,24611272,12,198.7529,24.8508,3570290688,0.0000,0.0000
50.586789,3725729792,24719072,12,198.5045,24.8358,3570290688,0.0000,0.0000
50.639420,3725729792,24826872,12,198.5837,24.8253,3570290688,0.0000,0.0000
50.690219,3725729792,24934672,12,206.1772,25.7894,3570290688,0.0000,0.0000
50.742836,3725729792,25042472,12,198.6662,24.9119,3570290688,0.0000,0.0000
50.795478,3725729792,25150272,12,198.6273,24.8270,3570290688,0.0000,0.0000
50.846022,3725729792,25258072,12,206.4055,25.8133,3570290688,0.0000,0.0000
50.898624,3725729792,25365872,12,198.6213,24.8319,3570290688,0.0000,0.0000
50.951236,3725729792,8858384,12,197.0182,24.7000,3570290688,0.0000,0.0000
51.002402,3725729792,8971536,12,205.3000,25.6669,3570290688,0.0000,0.0000
51.055035,3725729792,9074432,12,198.7707,24.8634,3570290688,0.0000,0.0000
51.105629,3725729792,9187584,12,206.7000,25.8415,3570290688,0.0000,0.0000
51.158411,3725729792,9294560,12,198.1982,24.7831,3570290688,0.0000,0.0000
51.211027,3725729792,9397456,12,198.3518,24.7956,3570290688,0.0000,0.0000
51.261530,3725729792,9510608,12,198.5205,24.8378,3570290688,0.0000,0.0000
51.314149,3725729792,9617648,12,206.3012,25.7781,3570290688,0.0000,0.0000
51.366771,3725729792,9726720,12,198.3866,24.8717,3570290688,0.0000,0.0000
51.419353,3725729792,9833696,12,198.7536,24.8444,3570290688,0.0000,0.0000
51.469874,3725729792,9936592,12,206.8779,25.8733,3570290688,0.0000,0.0000
51.522477,3725729792,10049744,12,198.8514,24.8564,3570290688,0.0000,0.0000
51.575131,3725729792,10156720,12,198.4354,24.8251,3570290688,0.0000,0.0000
51.625646,3725729792,10265792,12,206.8922,25.8605,3570290688,0.0000,0.0000
51.678254,3725729792,10372768,12,198.7036,24.8479,3570290688,0.0000,0.0000
51.730911,3725729792,10475664,12,198.5704,24.8918,3570290688,0.0000,0.0000
51.781523,3725729792,10588816,12,206.3969,25.8130,3570290688,0.0000,0.0000
51.834138,3725729792,10695792,12,197.3304,24.6573,3570290688,0.0000,0.0000
51.886753,3725729792,10798688,12,198.5852,24.8481,3570290688,0.0000,0.0000
51.939403,3725729792,10911840,12,198.4752,24.8635,3570290688,0.0000,0.0000
51.990107,3725729792,11018880,12,206.3234,25.8074,3570290688,0.0000,0.0000
52.043008,3725729792,11127952,12,185.9011,23.2435,3570290688,0.0000,0.0000
52.093628,3725717504,11234928,11,204.8732,25.6714,3570298880,0.0000,0.0000
52.146277,3725717504,11336464,11,198.5044,24.8017,3570298880,0.0000,0.0000
52.198892,3725717504,11447696,11,198.4457,24.8081,3570298880,0.0000,0.0000
52.251464,3725717504,11554344,11,197.2910,24.6730,3570298880,0.0000,0.0000
52.302113,3725717504,11660992,11,206.6299,25.8334,3570298880,0.0000,0.0000
52.354767,3725717504,11767640,11,198.5441,24.8503,3570298880,0.0000,0.0000
52.407392,3725717504,11874288,11,198.6113,24.8293,3570298880,0.0000,0.0000
52.458530,3725717504,11980936,11,192.8218,24.1191,3570298880,0.0000,0.0000
52.511172,3725717504,12087584,11,196.2669,24.5329,3570298880,0.0000,0.0000
52.561717,3725717504,12194232,11,207.0048,25.8904,3570298880,0.0000,0.0000
52.614329,3725717504,12300880,11,198.6307,24.8303,3570298880,0.0000,0.0000
52.666915,3725717504,12407528,11,195.1839,24.4118,3570298880,0.0000,0.0000
52.719513,3725717504,12514176,11,202.2883,25.3397,3570298880,0.0000,0.0000
52.770052,3725717504,12620824,11,200.6530,25.0987,3570298880,0.0000,0.0000
52.822759,3725717504,12727472,11,198.1262,24.7670,3570298880,0.0000,0.0000
52.873633,3725717504,12834120,11,205.9111,25.7605,3570298880,0.0000,0.0000
52.926719,3725717504,12940768,11,197.3379,24.6592,3570298880,0.0000,0.0000
52.979391,3725717504,13047648,11,198.2818,25.0724,3570298880,0.0000,0.0000
53.029921,3725717504,13154064,11,206.9587,25.8691,3570298880,0.0000,0.0000
53.082493,3725717504,13260712,11,197.6182,24.7153,3570298880,0.0000,0.0000
53.135117,3725717504,13367360,11,194.3086,24.2983,3570298880,0.0000,0.0000
53.185655,3725717504,13474008,11,206.9123,25.8779,3570298880,0.0000,0.0000
53.238329,3725717504,13580656,11,198.4778,24.8076,3570298880,0.0000,0.0000
53.291192,3725717504,13687304,11,198.2248,24.7895,3570298880,0.0000,0.0000
53.341750,3725717504,13793952,11,206.6814,25.8381,3570298880,0.0000,0.0000
53.395074,3725717504,13917032,11,196.4728,24.5690,3570298880,0.0000,0.0000
53.445932,3725717504,14023680,11,206.1064,25.7749,3570298880,0.0000,0.0000
53.498496,3725717504,14130328,11,198.7554,24.8459,3570298880,0.0000,0.0000
53.551298,3725717504,14236976,11,197.8834,24.7582,3570298880,0.0000,0.0000
53.601965,3725717504,14343624,11,206.4183,25.7971,3570298880,0.0000,0.0000
53.654694,3725717504,14450272,11,196.5222,24.5771,3570298880,0.0000,0.0000
53.707444,3725717504,14556920,11,197.5223,24.6983,3570298880,0.0000,0.0000
53.758320,3725717504,14663568,11,205.9179,25.8127,3570298880,0.0000,0.0000
53.811592,3725717504,14774408,11,198.3991,24.8196,3570298880,0.0000,0.0000
53.862428,3725717504,14880664,11,203.2402,25.4434,3570298880,0.0000,0.0000
53.915110,3725717504,14987312,11,198.1747,24.7685,3570298880,0.0000,0.0000
53.965603,3725717504,15093960,11,206.8212,25.9098,3570298880,0.0000,0.0000
54.018221,3725717504,15200608,11,198.6336,24.8273,3570298880,0.0000,0.0000
54.070940,3725717504,15307256,11,187.7114,23.4765,3570298880,0.0000,0.0000
54.121455,3725717504,15413904,11,206.8867,25.8623,3570298880,0.0000,0.0000
54.174058,3725717504,15520552,11,198.7054,24.8512,3570298880,0.0000,0.0000
54.226647,3725717504,15627200,11,198.7039,24.8413,3570298880,0.0000,0.0000
54.279244,3725717504,15733848,11,198.7478,24.8544,3570298880,0.0000,0.0000
54.329766,3725717504,15840496,11,204.2516,25.5307,3570298880,0.0000,0.0000
54.382491,3725717504,15947144,11,198.2585,24.7963,3570298880,0.0000,0.0000
54.435165,3725717504,16053792,11,198.5173,24.8158,3570298880,0.0000,0.0000
54.485749,3725717504,16160440,11,206.6685,25.8536,3570298880,0.0000,0.0000
54.536293,3725717504,16267088,11,196.0949,24.5101,3570298880,0.0000,0.0000
54.591045,3725717504,16373736,11,200.4902,25.0754,3570298880,0.0000,0.0000
54.641564,3725717504,16480384,11,201.2593,25.1587,3570298880,0.0000,0.0000
54.694210,3725717504,16587032,11,188.6763,23.5924,3570298880,0.0000,0.0000
54.746874,3725717504,16693680,11,198.5504,24.8981,3570298880,0.0000,0.0000
54.797520,3725717504,16800328,11,206.2512,25.7900,3570298880,0.0000,0.0000
54.850424,3725717504,16906976,11,187.4207,23.4309,3570298880,0.0000,0.0000
54.903084,3725717504,17013624,11,192.5145,24.0650,3570298880,0.0000,0.0000
54.953650,3725717504,17120272,11,206.6720,25.9000,3570298880,0.0000,0.0000
55.006396,3725717504,17226920,11,198.1834,24.7741,3570298880,0.0000,0.0000
55.059054,3725717504,17333568,11,197.2817,24.6728,3570298880,0.0000,0.0000
55.109646,3725717504,17440216,11,206.0425,25.7593,3570298880,0.0000,0.0000
55.162253,3725717504,17546864,11,198.7203,24.8519,3570298880,0.0000,0.0000
55.214916,3725717504,17653512,11,198.6294,24.8277,3570298880,0.0000,0.0000
55.267544,3725717504,17760160,11,198.7159,24.8535,3570298880,0.0000,0.0000
55.318090,3725717504,17866808,11,206.6961,25.8335,3570298880,0.0000,0.0000
55.370722,3725717504,17973456,11,200.8835,25.1358,3570298880,0.0000,0.0000
55.423341,3725717504,18080104,11,196.5313,24.5678,3570298880,0.0000,0.0000
55.474028,3725717504,18186752,11,206.4036,25.8286,3570298880,0.0000,0.0000
55.526923,3725717504,18293400,11,175.5129,21.9455,3570298880,0.0000,0.0000
55.577563,3725717504,18400048,11,206.4017,25.8118,3570298880,0.0000,0.0000
55.630299,3725717504,18506696,11,195.8632,24.4940,3570298880,0.0000,0.0000
55.682954,3725717504,18613344,11,198.1396,24.7914,3570298880,0.0000,0.0000
55.733603,3725717504,18719992,11,206.5502,25.8933,3570298880,0.0000,0.0000
55.786589,3725717504,18826640,11,197.7553,24.7503,3570298880,0.0000,0.0000
55.837616,3725717504,18933288,11,199.0197,24.8709,3570298880,0.0000,0.0000
55.890309,3725717504,19039936,11,198.4962,24.8194,3570298880,0.0000,0.0000
55.943025,3725717504,19146584,11,198.1755,24.8205,3570298880,0.0000,0.0000
55.993564,3725717504,19253232,11,206.8435,25.8648,3570298880,0.0000,0.0000
56.046199,3725717504,19359880,11,198.4767,24.8101,3570298880,0.0000,0.0000
56.099446,3725717504,19466528,11,197.3971,24.6833,3570298880,0.0000,0.0000
56.149954,3725717504,19573176,11,201.8104,25.2553,3570298880,0.0000,0.0000
56.202582,3725717504,19679824,11,198.5829,24.8207,3570298880,0.0000,0.0000
56.255217,3725717504,19786472,11,198.6047,24.8902,3570298880,0.0000,0.0000
56.305738,3725717504,19893120,11,199.5376,24.9447,3570298880,0.0000,0.0000
56.358317,3725717504,19999768,11,196.8911,24.6276,3570298880,0.0000,0.0000
56.410915,3725717504,20106416,11,198.6650,24.8341,3570298880,0.0000,0.0000
56.463519,3725717504,20213064,11,198.7050,24.8502,3570298880,0.0000,0.0000
56.514049,3725717504,20319712,11,206.8648,25.8608,3570298880,0.0000,0.0000
56.566812,3725717504,20426360,11,198.1385,24.7829,3570298880,0.0000,0.0000
56.619378,3725717504,20533008,11,189.0299,23.6285,3570298880,0.0000,0.0000
56.669915,3725717504,20639656,11,205.9710,25.7620,3570298880,0.0000,0.0000
56.722531,3725717504,20746304,11,198.6688,24.9070,3570298880,0.0000,0.0000
56.775408,3725717504,20852952,11,198.2809,24.8234,3570298880,0.0000,0.0000
56.826145,3725717504,20959600,11,201.0478,25.1248,3570298880,0.0000,0.0000
56.878735,3725717504,21066248,11,199.6836,24.9768,3570298880,0.0000,0.0000
56.931414,3725717504,21172896,11,195.8472,24.4816,3570298880,0.0000,0.0000
56.982045,3725717504,21279544,11,206.5655,25.8678,3570298880,0.0000,0.0000
57.034647,3725717504,21386192,11,198.2993,24.7865,3570298880,0.0000,0.0000
57.087268,3725717504,21492816,11,198.0776,24.7744,3570298880,0.0000,0.0000
57.137846,3725717504,21599464,11,207.1549,25.8941,3570298880,0.0000,0.0000
57.190450,3725717504,21706112,11,198.6632,24.8522,3570298880,0.0000,0.0000
57.243314,3725717504,21812760,11,198.1734,24.7700,3570298880,0.0000,0.0000
57.293821,3725717504,21919408,11,206.9045,25.8752,3570298880,0.0000,0.0000
57.346401,3725717504,22026056,11,198.6223,24.8285,3570298880,0.0000,0.0000
57.399174,3725717504,22132704,11,198.2828,24.7977,3570298880,0.0000,0.0000
57.449736,3725717504,22239352,11,206.7679,25.8443,3570298880,0.0000,0.0000
57.502327,3725717504,22346000,11,198.7005,24.8504,3570298880,0.0000,0.0000
57.554994,3725717504,22452648,11,198.5862,24.8385,3570298880,0.0000,0.0000
57.605515,3725717504,22559296,11,206.0453,25.7581,3570298880,0.0000,0.0000
57.658173,3725717504,22665944,11,196.7135,24.5925,3570298880,0.0000,0.0000
57.710774,3725717504,22772592,11,198.5160,24.8307,3570298880,0.0000,0.0000
57.763436,3725717504,22879240,11,198.5409,24.8879,3570298880,0.0000,0.0000
57.813982,3725717504,22985888,11,206.2989,25.7891,3570298880,0.0000,0.0000
57.866624,3725717504,23092536,11,198.5730,24.8399,3570298880,0.0000,0.0000
57.919252,3725717504,23199184,11,196.0135,24.4996,3570298880,0.0000,0.0000
57.969803,3725717504,23305832,11,206.3449,26.0602,3570298880,0.0000,0.0000
58.022363,3725717504,23412480,11,198.5163,25.7587,3570454528,0.0000,0.0000
58.075428,3725717504,23519128,11,197.4654,24.8492,3570454528,0.0000,0.0000
58.125963,3725717504,23625776,11,206.9037,25.8635,3570454528,0.0000,0.0000
58.178545,3725717504,23732424,11,198.7273,24.8438,3570454528,0.0000,0.0000
58.231180,3725717504,23839072,11,200.0688,25.0202,3570454528,0.0000,0.0000
58.281717,3725717504,23945720,11,204.5056,25.5837,3570454528,0.0000,0.0000
58.334299,3725717504,24052368,11,198.7479,24.8437,3570454528,0.0000,0.0000
58.386891,3725717504,24159016,11,198.7013,24.8465,3570454528,0.0000,0.0000
58.439513,3725717504,24265664,11,198.6572,24.8343,3570454528,0.0000,0.0000
58.490030,3725717504,24372312,11,206.6393,25.8415,3570454528,0.0000,0.0000
58.542623,3725717504,24478960,11,196.5782,24.5768,3570454528,0.0000,0.0000
58.595255,3725717504,24585608,11,198.3968,24.8086,3570454528,0.0000,0.0000
58.645849,3725717504,24692256,11,206.7748,25.8471,3570454528,0.0000,0.0000
58.698771,3725717504,24798904,11,197.8319,24.7587,3570454528,0.0000,0.0000
58.749560,3725717504,24905552,11,206.1517,25.8947,3570454528,0.0000,0.0000
58.802308,3725717504,25012200,11,198.1831,24.7866,3570454528,0.0000,0.0000
58.854989,3725717504,25118848,11,198.5391,24.8307,3570454528,0.0000,0.0000
58.905578,3725717504,25225496,11,206.5140,25.8145,3570454528,0.0000,0.0000
58.958355,3725717504,25332144,11,198.0976,24.8093,3570454528,0.0000,0.0000
59.011061,3725717504,25438792,11,198.5114,24.8137,3570454528,0.0000,0.0000
59.061563,3725717504,25545440,11,207.0606,25.8972,3570454528,0.0000,0.0000
59.114296,3725717504,8898520,11,198.3930,24.8003,3570454528,0.0000,0.0000
59.166009,3725717504,9007528,11,204.3421,25.5563,3570454528,0.0000,0.0000
59.218700,3725717504,9114504,11,198.4946,24.8109,3570454528,0.0000,0.0000
59.271354,3725717504,9221480,11,198.5197,24.8351,3570454528,0.0000,0.0000
59.322013,3725717504,9328456,11,206.5839,25.8227,3570454528,0.0000,0.0000
59.374760,3725717504,9429304,11,198.5155,24.8296,3570454528,0.0000,0.0000
59.427447,3726229504,15517920,12,195.2190,24.4017,3570094080,0.0000,0.0000
59.477977,3726229504,15625728,12,202.2723,25.3117,3570094080,0.0000,0.0000
59.530583,3726229504,15733536,12,198.1481,24.7704,3570094080,0.0000,0.0000
59.583208,3726229504,15841344,12,197.6528,24.7216,3570094080,0.0000,0.0000
59.633797,3726229504,15949152,12,206.7050,25.8376,3570094080,0.0000,0.0000
59.686579,3726229504,16056960,12,198.0956,24.8176,3570094080,0.0000,0.0000
59.739474,3726229504,16164768,12,198.0652,24.8182,3570094080,0.0000,0.0000
59.789999,3726229504,16272576,12,206.6933,26.0093,3570094080,0.0000,0.0000
59.842588,3726229504,16380384,12,198.7492,24.8520,3570094080,0.0000,0.0000
59.895184,3726229504,16488192,12,198.5045,24.8245,3570094080,0.0000,0.0000
59.945712,3726229504,16596000,12,206.4265,25.8379,3570094080,0.0000,0.0000
59.998382,3726229504,16703808,12,198.5419,24.8294,3570094080,0.0000,0.0000
60.051015,3726229504,16811616,12,198.7418,24.8439,3570094080,0.0000,0.0000
60.101557,3726229504,16919424,12,206.8284,25.8634,3570094080,0.0000,0.0000
60.155693,3726229504,17027232,12,198.6279,24.8375,3570094080,0.0000,0.0000
60.206205,3726229504,17135040,12,200.4557,25.0570,3570094080,0.0000,0.0000
60.258825,3726229504,17242848,12,198.6309,24.8483,3570094080,0.0000,0.0000
60.309560,3726229504,17350656,12,206.4448,25.8004,3570094080,0.0000,0.0000
60.362262,3726229504,17458464,12,198.5674,24.8425,3570094080,0.0000,0.0000
60.414897,3726229504,17566272,12,176.3921,22.0523,3570094080,0.0000,0.0000
60.467524,3726229504,17674080,12,197.1642,24.6581,3570094080,0.0000,0.0000
60.518083,3726229504,17781888,12,200.0435,25.0052,3570094080,0.0000,0.0000
60.570715,3726229504,17889696,12,193.6665,24.2230,3570094080,0.0000,0.0000
60.623395,3726229504,17997504,12,198.2027,24.7874,3570094080,0.0000,0.0000
60.674014,3726229504,18105288,12,206.5660,25.8353,3570094080,0.0000,0.0000
60.726624,3726229504,18213096,12,196.9318,24.6930,3570094080,0.0000,0.0000
60.779260,3726229504,18320904,12,196.6247,24.6360,3570094080,0.0000,0.0000
60.829769,3726229504,18428712,12,206.6974,25.8384,3570094080,0.0000,0.0000
60.882312,3726229504,18536520,12,198.0724,24.7740,3570094080,0.0000,0.0000
60.934877,3726229504,18644328,12,198.7471,24.8458,3570094080,0.0000,0.0000
60.987424,3726229504,18752136,12,198.8129,24.8973,3570094080,0.0000,0.0000
61.038038,3726229504,18859944,12,206.8744,25.8623,3570094080,0.0000,0.0000
61.090651,3726229504,18967752,12,198.5198,24.8207,3570094080,0.0000,0.0000
61.143433,3726229504,19075560,12,197.6117,24.7067,3570094080,0.0000,0.0000
61.193945,3726229504,19183368,12,206.8832,25.8683,3570094080,0.0000,0.0000
61.246501,3726229504,19291176,12,198.7944,24.8512,3570094080,0.0000,0.0000
61.299112,3726229504,19398984,12,198.6946,24.8613,3570094080,0.0000,0.0000
61.349650,3726229504,19506792,12,206.5894,25.8249,3570094080,0.0000,0.0000
61.402297,3726229504,19614600,12,195.2533,24.4154,3570094080,0.0000,0.0000
61.455089,3726229504,19722408,12,194.8810,24.4243,3570094080,0.0000,0.0000
61.505614,3726229504,19830216,12,206.8699,25.8798,3570094080,0.0000,0.0000
61.558281,3726229504,19938024,12,198.6542,24.8370,3570094080,0.0000,0.0000
61.610942,3726229504,20045832,12,198.4034,24.8030,3570094080,0.0000,0.0000
61.661491,3726229504,20153640,12,206.7328,25.8579,3570094080,0.0000,0.0000
61.714402,3726229504,20261448,12,198.0409,24.7884,3570094080,0.0000,0.0000
61.767023,3726229504,20369256,12,198.3771,24.8791,3570094080,0.0000,0.0000
61.817523,3726229504,20477064,12,206.6871,25.8381,3570094080,0.0000,0.0000
61.870145,3726229504,20584872,12,198.2958,24.8012,3570094080,0.0000,0.0000
61.922758,3726229504,20692680,12,198.7239,24.8419,3570094080,0.0000,0.0000
61.975334,3726229504,20800488,12,198.7660,24.8973,3570094080,0.0000,0.0000
62.025858,3726229504,20908296,12,207.0247,25.8759,3570094080,0.0000,0.0000
62.078547,3726229504,21016104,12,198.4517,24.8202,3570094080,0.0000,0.0000
62.131167,3726229504,21123912,12,198.6222,24.8306,3570094080,0.0000,0.0000
62.181809,3726229504,21231720,12,206.5871,25.8375,3570094080,0.0000,0.0000
62.234506,3726229504,21339528,12,198.5415,24.8189,3570094080,0.0000,0.0000
62.287175,3726229504,21447336,12,198.5468,24.8388,3570094080,0.0000,0.0000
62.338107,3726229504,21555144,12,204.1875,25.5225,3570094080,0.0000,0.0000
62.390830,3726229504,21662952,12,197.7224,24.7326,3570094080,0.0000,0.0000
62.441455,3726229504,21770760,12,205.3131,25.6661,3570094080,0.0000,0.0000
62.494152,3726229504,21878568,12,198.7589,24.8546,3570094080,0.0000,0.0000
62.546783,3726229504,21986376,12,198.1494,24.7675,3570094080,0.0000,0.0000
62.599385,3726229504,22094184,12,198.6107,24.8389,3570094080,0.0000,0.0000
62.649910,3726229504,22204432,12,206.5678,25.8202,3570094080,0.0000,0.0000
62.702486,3726229504,22309800,12,198.3312,24.8118,3570094080,0.0000,0.0000
62.755090,3726229504,22417608,12,193.9819,24.3067,3570094080,0.0000,0.0000
62.805731,3726229504,22525416,12,206.6346,25.8515,3570094080,0.0000,0.0000
62.858347,3726229504,22633224,12,198.9988,24.8713,3570094080,0.0000,0.0000
62.910956,3726229504,22741032,12,198.3026,24.7992,3570094080,0.0000,0.0000
62.961444,3726229504,22848840,12,182.6355,22.8970,3570094080,0.0000,0.0000
63.014036,3726229504,22956648,12,183.4636,22.9318,3570094080,0.0000,0.0000
63.066655,3726229504,23064456,12,198.8559,24.8734,3570094080,0.0000,0.0000
63.119245,3726229504,23172264,12,200.7800,25.0985,3570094080,0.0000,0.0000
63.169814,3726229504,23280072,12,206.7053,25.8520,3570094080,0.0000,0.0000
63.222847,3726229504,23387880,12,193.1760,24.1531,3570094080,0.0000,0.0000
63.273450,3726229504,23495688,12,205.1519,25.6428,3570094080,0.0000,0.0000
63.326214,3726229504,23603496,12,194.3556,24.3016,3570094080,0.0000,0.0000
63.378803,3726229504,23711304,12,198.7439,24.8503,3570094080,0.0000,0.0000
63.429550,3726229504,23819112,12,205.3378,25.6749,3570094080,0.0000,0.0000
63.482613,3726229504,23926920,12,198.2696,24.8056,3570094080,0.0000,0.0000
63.535452,3726229504,24034728,12,195.8402,24.4810,3570094080,0.0000,0.0000
63.586005,3726229504,24142536,12,204.9453,25.6229,3570094080,0.0000,0.0000
63.638727,3726229504,24250344,12,199.5387,24.9483,3570094080,0.0000,0.0000
63.691452,3726229504,24358152,12,195.9840,24.5227,3570094080,0.0000,0.0000
63.741974,3726229504,24465960,12,206.8428,25.9256,3570094080,0.0000,0.0000
63.794557,3726229504,24573768,12,198.7501,24.8673,3570094080,0.0000,0.0000
63.847267,3726229504,24681576,12,197.4256,24.6744,3570094080,0.0000,0.0000
63.897805,3726229504,24789384,12,206.5084,25.8289,3570094080,0.0000,0.0000
63.950430,3726229504,24897192,12,198.7192,24.8810,3570094080,0.0000,0.0000
64.002109,3726229504,25005000,12,204.3852,25.5653,3570094080,0.0000,0.0000
64.055226,3726229504,25112808,12,197.2416,24.6552,3570094080,0.0000,0.0000
64.105855,3726229504,25220616,12,195.5551,24.4565,3570094080,0.0000,0.0000
64.158513,3726229504,25328424,12,196.2217,24.5265,3570094080,0.0000,0.0000
64.211213,3726229504,25436232,12,198.4755,24.8341,3570094080,0.0000,0.0000
64.261832,3726229504,25544040,12,206.1624,25.7844,3570094080,0.0000,0.0000
64.314495,3726229504,25651848,12,198.1968,24.7805,3570094080,0.0000,0.0000
64.367191,3726229504,25759656,12,198.3866,24.8064,3570094080,0.0000,0.0000
64.417726,3726229504,25867464,12,206.5377,25.8214,3570094080,0.0000,0.0000
64.470449,3726229504,25975272,12,198.4015,24.8182,3570094080,0.0000,0.0000
64.523166,3726229504,26083080,12,197.0962,24.6349,3570094080,0.0000,0.0000
64.573763,3726229504,26190888,12,185.3536,23.1848,3570094080,0.0000,0.0000
64.626395,3726229504,26298696,12,198.6149,24.8292,3570094080,0.0000,0.0000
64.679130,3726229504,9799408,12,198.4621,24.8317,3570094080,0.0000,0.0000
64.730805,3726229504,9908480,12,204.5337,25.5696,3570094080,0.0000,0.0000
64.783420,3726229504,10015456,12,186.5175,23.3990,3570094080,0.0000,0.0000
64.834002,3726229504,10118352,12,200.0807,25.0138,3570094080,0.0000,0.0000
64.886761,3726229504,10231504,12,198.1686,24.7893,3570094080,0.0000,0.0000
64.939402,3726229504,10338544,12,198.6440,24.8312,3570094080,0.0000,0.0000
64.989977,3726229504,10447616,12,206.7069,25.8974,3570094080,0.0000,0.0000
65.042688,3726229504,10554592,12,198.5510,24.8343,3570094080,0.0000,0.0000
65.096270,3726229504,10657488,12,195.0670,24.3950,3570094080,0.0000,0.0000
65.146839,3726229504,10770640,12,198.5948,24.8164,3570094080,0.0000,0.0000
65.197846,3726229504,10877616,12,202.9243,25.4917,3570094080,0.0000,0.0000
65.251037,3726229504,10986688,12,199.8504,24.9907,3570094080,0.0000,0.0000
65.301795,3726229504,11093664,12,203.5703,25.4635,3570094080,0.0000,0.0000
65.354854,3726229504,11196560,12,197.7433,24.7160,3570094080,0.0000,0.0000
65.405639,3726229504,11309712,12,205.6820,25.7194,3570094080,0.0000,0.0000
65.458801,3726229504,11416688,12,195.4181,24.4423,3570094080,0.0000,0.0000
65.509513,3726229504,11524264,12,206.4450,25.8064,3570094080,0.0000,0.0000
65.562584,3726229504,11632072,12,197.1657,24.6695,3570094080,0.0000,0.0000
65.613504,3726229504,11739880,12,205.9104,25.7606,3570094080,0.0000,0.0000
65.666167,3726229504,11847688,12,199.9427,25.0332,3570094080,0.0000,0.0000
65.718956,3726229504,11955496,12,197.2154,24.6510,3570094080,0.0000,0.0000
65.771173,3726229504,12063304,12,203.5058,25.6082,3570094080,0.0000,0.0000
65.821714,3726229504,12171112,12,206.8542,25.8612,3570094080,0.0000,0.0000
65.874487,3726229504,12278920,12,198.3158,24.8046,3570094080,0.0000,0.0000
65.927355,3726229504,12386728,12,198.1872,24.7708,3570094080,0.0000,0.0000
65.977932,3726229504,12494536,12,206.7185,25.8952,3570094080,0.0000,0.0000
66.028481,3726229504,12602344,12,149.8608,18.7343,3570094080,0.0000,0.0000
66.083326,3726229504,12710152,12,186.3934,23.3097,3570094080,0.0000,0.0000
66.133907,3726229504,12817960,12,206.7978,25.8495,3570094080,0.0000,0.0000
66.186518,3726229504,12925768,12,198.6668,24.8749,3570094080,0.0000,0.0000
66.239144,3726229504,13033576,12,198.6744,24.8343,3570094080,0.0000,0.0000
66.289649,3726229504,13141384,12,188.1373,23.5303,3570094080,0.0000,0.0000
66.342329,3726229504,13249192,12,192.8239,24.1025,3570094080,0.0000,0.0000
66.395335,3726229504,13357000,12,172.3764,21.7850,3570094080,0.0000,0.0000
66.446760,3726229504,13464808,12,202.7111,25.3309,3570094080,0.0000,0.0000
66.497532,3726229504,13572616,12,205.8824,25.7589,3570094080,0.0000,0.0000
66.550579,3726229504,13680424,12,196.2418,24.5298,3570094080,0.0000,0.0000
66.603481,3726229504,13788232,12,196.3173,24.5515,3570094080,0.0000,0.0000
66.654126,3726229504,13896040,12,205.9685,25.7453,3570094080,0.0000,0.0000
66.706751,3726229504,14005928,12,197.4297,24.6934,3570094080,0.0000,0.0000
66.757456,3726229504,14111656,12,204.4808,25.6190,3570094080,0.0000,0.0000
66.810287,3726229504,14219464,12,196.7284,24.6187,3570094080,0.0000,0.0000
66.862921,3726229504,14327272,12,198.6290,24.8317,3570094080,0.0000,0.0000
66.913448,3726229504,14435080,12,206.8321,25.8646,3570094080,0.0000,0.0000
66.966073,3726229504,14542888,12,198.6425,24.8757,3570094080,0.0000,0.0000
67.018813,3726229504,14650696,12,198.3394,24.8007,3570094080,0.0000,0.0000
67.071485,3726217216,14758504,11,197.8759,24.7706,3570094080,0.0000,0.0000
67.122004,3726217216,14865152,11,206.8763,25.8640,3570094080,0.0000,0.0000
67.174600,3726217216,14971800,11,198.6942,24.8496,3570094080,0.0000,0.0000
67.227221,3726217216,15078448,11,198.6542,24.8330,3570094080,0.0000,0.0000
67.277763,3726217216,15185096,11,206.9393,25.8827,3570094080,0.0000,0.0000
67.330352,3726217216,15291744,11,198.4818,24.8131,3570094080,0.0000,0.0000
67.382958,3726217216,15398392,11,192.0100,24.0160,3570094080,0.0000,0.0000
67.433744,3726217216,15505040,11,201.5335,25.1919,3570094080,0.0000,0.0000
67.486483,3726217216,15611688,11,191.0331,23.8891,3570094080,0.0000,0.0000
67.539464,3726217216,15718336,11,205.2618,25.6738,3570094080,0.0000,0.0000
67.590341,3726217216,15824984,11,205.9136,25.7633,3570094080,0.0000,0.0000
67.643099,3726217216,15931632,11,198.2922,24.7934,3570094080,0.0000,0.0000
67.693736,3726217216,16038280,11,205.9131,25.7591,3570094080,0.0000,0.0000
67.746448,3726217216,16144928,11,198.3287,24.8437,3570094080,0.0000,0.0000
67.799140,3726217216,16251576,11,198.6951,24.8547,3570094080,0.0000,0.0000
67.849795,3726217216,16358224,11,206.0511,25.7549,3570094080,0.0000,0.0000
67.902446,3726217216,16464872,11,198.5501,24.8437,3570094080,0.0000,0.0000
67.955107,3726217216,16571520,11,199.3734,24.9765,3570094080,0.0000,0.0000
68.005929,3726217216,16678168,11,205.8979,25.7503,3570094080,0.0000,0.0000
68.058620,3726217216,16784816,11,198.0331,25.6604,3569995776,0.0000,0.0000
68.111355,3726217216,16891464,11,198.2732,24.7861,3569995776,0.0000,0.0000
68.161870,3726217216,16998112,11,206.9500,25.8717,3569995776,0.0000,0.0000
68.214493,3726217216,17104760,11,198.6112,24.8390,3569995776,0.0000,0.0000
68.267111,3726217216,17211408,11,198.6811,24.8356,3569995776,0.0000,0.0000
68.317638,3726217216,17318056,11,206.5228,25.8329,3569995776,0.0000,0.0000
68.370264,3726217216,17424704,11,195.4110,24.4342,3569995776,0.0000,0.0000
68.422892,3726217216,17531352,11,193.5031,24.1779,3569995776,0.0000,0.0000
68.473458,3726217216,17638000,11,206.6856,25.8612,3569995776,0.0000,0.0000
68.526348,3726217216,17744648,11,198.0514,24.7612,3569995776,0.0000,0.0000
68.579247,3726217216,17851296,11,195.3995,24.4415,3569995776,0.0000,0.0000
68.629801,3726217216,17957944,11,206.6550,25.8334,3569995776,0.0000,0.0000
68.682377,3726217216,18064592,11,198.0801,24.7786,3569995776,0.0000,0.0000
68.735012,3726217216,18171240,11,198.5899,24.8347,3569995776,0.0000,0.0000
68.785531,3726217216,18277864,11,206.4673,25.8846,3569995776,0.0000,0.0000
68.838171,3726217216,18384512,11,197.6307,24.6951,3569995776,0.0000,0.0000
68.890799,3726217216,18491160,11,205.3854,25.6988,3569995776,0.0000,0.0000
68.947408,3726217216,18597808,11,192.0860,24.0105,3569995776,0.0000,0.0000
69.002197,3726217216,18704456,11,210.4170,26.3498,3569995776,0.0000,0.0000
69.054777,3726217216,18811104,11,145.0144,18.1247,3569995776,0.0000,0.0000
69.107390,3726217216,18917752,11,169.7502,21.2437,3569995776,0.0000,0.0000
69.157965,3726217216,19024400,11,206.8753,25.8579,3569995776,0.0000,0.0000
69.210604,3726217216,19131048,11,198.8017,24.8616,3569995776,0.0000,0.0000
69.263232,3726217216,19237696,11,198.7877,24.8525,3569995776,0.0000,0.0000
69.313809,3726217216,19344344,11,205.8872,25.7567,3569995776,0.0000,0.0000
69.366408,3726217216,19450992,11,197.1779,24.6463,3569995776,0.0000,0.0000
69.419302,3726217216,19557640,11,193.2574,24.1735,3569995776,0.0000,0.0000
69.470014,3726217216,19664288,11,204.6285,25.5943,3569995776,0.0000,0.0000
69.523415,3726217216,19770936,11,197.1937,24.6616,3569995776,0.0000,0.0000
69.574218,3726217216,19877584,11,205.7650,25.7452,3569995776,0.0000,0.0000
69.627139,3726217216,19984232,11,198.1202,24.7648,3569995776,0.0000,0.0000
69.677864,3726217216,20090880,11,206.3486,25.8158,3569995776,0.0000,0.0000
69.730724,3726217216,20197528,11,198.1827,24.7740,3569995776,0.0000,0.0000
69.783311,3726217216,20304176,11,196.7699,24.6809,3569995776,0.0000,0.0000
69.833813,3726217216,20410824,11,206.4259,25.7946,3569995776,0.0000,0.0000
69.886539,3726217216,20517472,11,197.9870,24.7749,3569995776,0.0000,0.0000
69.939277,3726217216,20624120,11,198.2669,24.7817,3569995776,0.0000,0.0000
69.989844,3726217216,20730768,11,206.7141,25.8894,3569995776,0.0000,0.0000
70.042642,3726217216,20837416,11,198.3162,24.7954,3569995776,0.0000,0.0000
70.095254,3726217216,20944064,11,198.6908,24.8478,3569995776,0.0000,0.0000
70.145753,3726217216,21050712,11,206.8073,25.8504,3569995776,0.0000,0.0000
70.198405,3726217216,21157360,11,198.6189,24.8447,3569995776,0.0000,0.0000
70.251098,3726217216,21264008,11,198.5228,24.8175,3569995776,0.0000,0.0000
70.301694,3726217216,21370656,11,206.7124,25.8524,3569995776,0.0000,0.0000
70.354247,3726217216,21477304,11,198.5862,24.8204,3569995776,0.0000,0.0000
70.406857,3726217216,21583952,11,199.5107,24.9536,3569995776,0.0000,0.0000
70.457489,3726217216,21690600,11,204.2696,25.5386,3569995776,0.0000,0.0000
70.510359,3726217216,21797248,11,197.4757,24.6897,3569995776,0.0000,0.0000
70.563098,3726217216,21903896,11,198.3568,24.8024,3569995776,0.0000,0.0000
70.613894,3726217216,22010544,11,206.2383,25.8179,3569995776,0.0000,0.0000
70.666537,3726217216,22117192,11,198.4891,24.8268,3569995776,0.0000,0.0000
70.719445,3726217216,22223840,11,198.0347,24.7690,3569995776,0.0000,0.0000
70.770093,3726217216,22330488,11,206.2395,25.8372,3569995776,0.0000,0.0000
70.822724,3726217216,22437136,11,197.0249,24.6398,3569995776,0.0000,0.0000
70.875322,3726217216,22543784,11,198.6555,24.8450,3569995776,0.0000,0.0000
70.925838,3726217216,22650432,11,206.8425,25.8563,3569995776,0.0000,0.0000
70.978412,3726217216,22757080,11,198.7526,24.8871,3569995776,0.0000,0.0000
71.031045,3726217216,22863728,11,198.7449,24.8486,3569995776,0.0000,0.0000
71.081568,3726217216,22970376,11,206.6168,25.8382,3569995776,0.0000,0.0000
71.134198,3726217216,23077024,11,198.6103,24.8232,3569995776,0.0000,0.0000
71.186817,3726217216,23183672,11,198.6491,24.8409,3569995776,0.0000,0.0000
71.239457,3726217216,23290320,11,201.9742,25.2565,3569995776,0.0000,0.0000
71.289998,3727962112,11695480,12,199.6751,24.9750,3568357376,0.0000,0.0000
71.342633,3727962112,11803120,12,197.4272,24.6789,3568357376,0.0000,0.0000
71.395245,3727962112,11910928,12,198.6562,24.8477,3568357376,0.0000,0.0000
71.445891,3727962112,12018736,12,206.0261,25.7592,3568357376,0.0000,0.0000
71.498921,3727962112,12126544,12,197.7967,24.7491,3568357376,0.0000,0.0000
71.549807,3727962112,12234352,12,206.1341,25.7628,3568357376,0.0000,0.0000
71.602510,3727962112,12342160,12,198.0107,24.7656,3568357376,0.0000,0.0000
71.655220,3727962112,12449968,12,197.9863,24.7478,3568357376,0.0000,0.0000
71.705851,3727962112,12557776,12,206.6797,25.8461,3568357376,0.0000,0.0000
71.758451,3727962112,12665584,12,198.5281,24.8875,3568357376,0.0000,0.0000
71.811127,3727962112,12773392,12,198.4266,24.8178,3568357376,0.0000,0.0000
71.861820,3727962112,12881200,12,206.3970,25.8004,3568357376,0.0000,0.0000
71.914558,3727962112,12989008,12,198.4201,24.8172,3568357376,0.0000,0.0000
71.967252,3727962112,13096816,12,198.5622,24.8537,3568357376,0.0000,0.0000
72.017820,3727962112,13204624,12,205.7158,25.7301,3568357376,0.0000,0.0000
72.070499,3727962112,13312432,12,198.6344,24.8310,3568357376,0.0000,0.0000
72.123210,3727962112,13420240,12,198.5483,24.8259,3568357376,0.0000,0.0000
72.173995,3727962112,13528048,12,198.6886,24.8678,3568357376,0.0000,0.0000
72.227219,3727962112,13635856,12,196.6804,24.5827,3568357376,0.0000,0.0000
72.278093,3727962112,13743664,12,195.1563,24.3970,3568357376,0.0000,0.0000
72.330817,3727962112,13851472,12,182.9050,22.8705,3568357376,0.0000,0.0000
72.381539,3727962112,13959280,12,206.1109,25.7740,3568357376,0.0000,0.0000
72.434828,3727962112,14067088,12,197.3143,24.6645,3568357376,0.0000,0.0000
72.485638,3727962112,14174896,12,206.1626,25.7878,3568357376,0.0000,0.0000
72.538302,3727962112,14282704,12,198.5630,24.8265,3568357376,0.0000,0.0000
72.591177,3727962112,14390512,12,198.3126,24.8115,3568357376,0.0000,0.0000
72.641991,3727962112,14498320,12,206.3950,25.7974,3568357376,0.0000,0.0000
72.694732,3727962112,14606128,12,197.3861,24.6962,3568357376,0.0000,0.0000
72.747478,3727962112,14713936,12,198.3984,24.8524,3568357376,0.0000,0.0000
72.798155,3727962112,14821744,12,206.4957,25.8408,3568357376,0.0000,0.0000
72.850795,3727962112,14929528,12,198.4977,24.8139,3568357376,0.0000,0.0000
72.903461,3727962112,15037336,12,198.7195,24.8573,3568357376,0.0000,0.0000
72.954168,3727962112,15145144,12,206.8503,25.8558,3568357376,0.0000,0.0000
73.006901,3727962112,15252952,12,198.4192,24.8465,3568357376,0.0000,0.0000
73.057534,3727962112,15360760,12,206.6625,25.8318,3568357376,0.0000,0.0000
73.110307,3727962112,15468568,12,198.1475,24.7805,3568357376,0.0000,0.0000
73.163045,3727962112,15576376,12,197.0727,24.6331,3568357376,0.0000,0.0000
73.213547,3727962112,15684184,12,206.2949,25.7977,3568357376,0.0000,0.0000
73.266161,3727962112,15791992,12,198.6821,24.8395,3568357376,0.0000,0.0000
73.318782,3727962112,15899800,12,194.0183,24.2663,3568357376,0.0000,0.0000
73.371425,3727962112,16007608,12,187.8990,23.4857,3568357376,0.0000,0.0000
73.421943,3727962112,16115416,12,192.2585,24.0427,3568357376,0.0000,0.0000
73.474531,3727962112,16223224,12,197.7995,24.7252,3568357376,0.0000,0.0000
73.527153,3727962112,16331032,12,192.6742,24.0931,3568357376,0.0000,0.0000
73.577642,3727962112,16438840,12,206.9600,25.8935,3568357376,0.0000,0.0000
73.630257,3727962112,16546648,12,198.6654,24.8289,3568357376,0.0000,0.0000
73.682860,3727962112,16654456,12,198.6868,24.8475,3568357376,0.0000,0.0000
73.735448,3727962112,16762264,12,198.7214,24.8506,3568357376,0.0000,0.0000
73.785965,3727962112,16870072,12,206.6564,25.8929,3568357376,0.0000,0.0000
73.838638,3727962112,16977880,12,198.5685,24.8367,3568357376,0.0000,0.0000
73.891272,3727962112,17085688,12,198.6522,24.8415,3568357376,0.0000,0.0000
73.941988,3727962112,17193496,12,206.4529,25.8074,3568357376,0.0000,0.0000
73.994586,3727962112,17301304,12,198.5015,24.8588,3568357376,0.0000,0.0000
74.047196,3727962112,17409112,12,197.7430,24.7205,3568357376,0.0000,0.0000
74.097811,3727962112,17516920,12,206.4285,25.8152,3568357376,0.0000,0.0000
74.150802,3727962112,17624728,12,198.0114,24.7526,3568357376,0.0000,0.0000
74.201546,3727962112,17732536,12,206.2251,25.8131,3568357376,0.0000,0.0000
74.254533,3727962112,17840344,12,197.8765,24.7301,3568357376,0.0000,0.0000
74.307181,3727962112,17948152,12,194.5430,24.3371,3568357376,0.0000,0.0000
74.357721,3727962112,18055960,12,206.3189,25.7896,3568357376,0.0000,0.0000
74.410373,3727962112,18163768,12,198.0715,24.7732,3568357376,0.0000,0.0000
74.463128,3727962112,18271576,12,198.5419,24.8187,3568357376,0.0000,0.0000
74.513639,3727962112,18379384,12,206.8722,25.8788,3568357376,0.0000,0.0000
74.566259,3727962112,18487192,12,198.7929,24.8446,3568357376,0.0000,0.0000
74.618914,3727962112,18595000,12,198.4621,24.8234,3568357376,0.0000,0.0000
74.669470,3727962112,18702808,12,206.6461,25.8273,3568357376,0.0000,0.0000
74.723810,3727962112,18810616,12,192.4849,24.0765,3568357376,0.0000,0.0000
74.774332,3727962112,18918424,12,206.8501,25.9241,3568357376,0.0000,0.0000
74.826944,3727962112,19026232,12,198.7543,24.8555,3568357376,0.0000,0.0000
74.877457,3727962112,19134040,12,203.6237,25.4544,3568357376,0.0000,0.0000
74.930200,3727962112,19241848,12,198.3596,24.8023,3568357376,0.0000,0.0000
74.982816,3727962112,19349656,12,196.6132,24.6303,3568357376,0.0000,0.0000
75.035431,3727962112,19457464,12,198.0124,24.7539,3568357376,0.0000,0.0000
75.086029,3727962112,19565272,12,206.4532,25.8153,3568357376,0.0000,0.0000
75.138694,3727962112,19673080,12,196.5039,24.5587,3568357376,0.0000,0.0000
75.191275,3727962112,19780888,12,199.1662,24.9136,3568357376,0.0000,0.0000
75.241824,3727962112,19888696,12,205.9724,25.7478,3568357376,0.0000,0.0000
75.294420,3727941632,19996504,11,198.5280,24.8659,3568361472,0.0000,0.0000
75.347018,3727941632,20103152,11,198.2003,24.7748,3568361472,0.0000,0.0000
75.397525,3727941632,20209800,11,206.9020,25.8717,3568361472,0.0000,0.0000
75.450246,3727941632,20316448,11,198.3919,24.8070,3568361472,0.0000,0.0000
75.502903,3727941632,20423096,11,198.5662,24.8357,3568361472,0.0000,0.0000
75.553531,3727941632,20529744,11,206.6184,25.8337,3568361472,0.0000,0.0000
75.609745,3727941632,20636392,11,207.1022,25.9302,3568361472,0.0000,0.0000
75.662444,3727941632,20743040,11,197.8641,24.7335,3568361472,0.0000,0.0000
75.716652,3727941632,20849688,11,193.0884,24.1591,3568361472,0.0000,0.0000
75.767647,3727941632,20956336,11,205.4421,25.7371,3568361472,0.0000,0.0000
75.818233,3727941632,21062984,11,206.4409,25.8234,3568361472,0.0000,0.0000
75.870933,3727941632,21169632,11,196.2827,24.5448,3568361472,0.0000,0.0000
75.921473,3727941632,21276280,11,206.1678,25.7789,3568361472,0.0000,0.0000
75.974150,3727941632,21382928,11,198.4509,24.8581,3568361472,0.0000,0.0000
76.026776,3727941632,21489576,11,198.6193,24.8369,3568361472,0.0000,0.0000
76.079384,3727941632,21596224,11,198.0832,24.7613,3568361472,0.0000,0.0000
76.130011,3727941632,21702872,11,206.6225,25.8392,3568361472,0.0000,0.0000
76.182587,3727941632,21809520,11,198.5366,24.8332,3568361472,0.0000,0.0000
76.235187,3727941632,21916168,11,198.7179,24.8407,3568361472,0.0000,0.0000
76.285810,3727941632,22022816,11,206.2789,25.8063,3568361472,0.0000,0.0000
76.338402,3727941632,22129464,11,198.7123,24.8402,3568361472,0.0000,0.0000
76.391044,3727941632,22236112,11,198.3010,24.8026,3568361472,0.0000,0.0000
76.441544,3727941632,22342760,11,206.9762,25.9134,3568361472,0.0000,0.0000
76.494138,3727941632,22449408,11,199.0254,24.8915,3568361472,0.0000,0.0000
76.546756,3727941632,22556056,11,198.4063,24.8010,3568361472,0.0000,0.0000
76.599446,3727941632,22662704,11,198.4509,24.8237,3568361472,0.0000,0.0000
76.649996,3727941632,22769352,11,206.7214,25.8426,3568361472,0.0000,0.0000
76.702604,3727941632,22876000,11,198.5968,24.8515,3568361472,0.0000,0.0000
76.755214,3727941632,22982648,11,198.6999,24.9040,3568361472,0.0000,0.0000
76.805779,3727941632,23089296,11,206.7209,25.8579,3568361472,0.0000,0.0000
76.858369,3727941632,23195944,11,198.8561,24.8570,3568361472,0.0000,0.0000
76.911081,3727941632,23302592,11,198.0008,24.7596,3568361472,0.0000,0.0000
76.961533,3727941632,23409240,11,206.5900,25.8753,3568361472,0.0000,0.0000
77.014111,3727941632,23515888,11,197.3818,24.7792,3568361472,0.0000,0.0000
77.066717,3727941632,23622536,11,198.3922,24.7874,3568361472,0.0000,0.0000
77.119289,3727941632,23729184,11,198.7491,24.8636,3568361472,0.0000,0.0000
77.169789,3727941632,23835832,11,206.4059,25.8022,3568361472,0.0000,0.0000
77.222370,3727941632,23942480,11,198.6463,24.8410,3568361472,0.0000,0.0000
77.274977,3727941632,24049128,11,200.9459,25.1208,3568361472,0.0000,0.0000
77.329734,3727941632,24155776,11,202.9560,25.3798,3568361472,0.0000,0.0000
77.382517,3727941632,24262424,11,197.6462,24.7169,3568361472,0.0000,0.0000
77.435123,3727941632,24369072,11,196.2381,24.5326,3568361472,0.0000,0.0000
77.486217,3727941632,24475720,11,188.9117,23.6301,3568361472,0.0000,0.0000
77.538927,3727941632,24582368,11,198.4997,24.8127,3568361472,0.0000,0.0000
77.589450,3727941632,24689016,11,206.8699,25.8686,3568361472,0.0000,0.0000
77.642107,3727941632,24795664,11,198.5825,24.8271,3568361472,0.0000,0.0000
77.694757,3727941632,24902312,11,154.6021,19.3483,3568361472,0.0000,0.0000
77.747387,3727941632,25008960,11,195.1773,24.4048,3568361472,0.0000,0.0000
77.798023,3727941632,25115608,11,206.5914,25.8953,3568361472,0.0000,0.0000
77.850710,3727941632,25222256,11,198.4976,24.8120,3568361472,0.0000,0.0000
77.903300,3727941632,25328904,11,185.0881,23.1496,3568361472,0.0000,0.0000
78.034770,3727941632,25435552,11,185.1305,23.4758,3569524736,0.0000,0.0000
78.087374,3727941632,25542200,11,197.4568,24.6937,3569524736,0.0000,0.0000
78.138034,3727941632,25648848,11,206.4847,25.8165,3569524736,0.0000,0.0000
78.191022,3727941632,25755496,11,195.4363,24.4368,3569524736,0.0000,0.0000
78.241527,3727941632,25862144,11,204.7583,25.5987,3569524736,0.0000,0.0000
78.294227,3727941632,25968792,11,198.4558,24.8203,3569524736,0.0000,0.0000
78.346910,3727941632,26075440,11,198.0256,24.7558,3569524736,0.0000,0.0000
78.397504,3727941632,26182088,11,206.4426,25.8179,3569524736,0.0000,0.0000
78.450120,3727941632,26288736,11,198.6597,24.8337,3569524736,0.0000,0.0000
78.502747,3727941632,26395384,11,198.6809,24.8503,3569524736,0.0000,0.0000
78.553464,3727941632,26502032,11,206.5253,25.8137,3569524736,0.0000,0.0000
78.606084,3727941632,26608680,11,198.6549,24.8594,3569524736,0.0000,0.0000
78.658695,3727941632,26715328,11,198.4748,24.8098,3569524736,0.0000,0.0000
78.711298,3727941632,26821976,11,198.6955,24.8600,3569524736,0.0000,0.0000
78.761964,3727941632,26928624,11,206.5129,25.8758,3569524736,0.0000,0.0000
78.814567,3727941632,27035272,11,198.6700,24.8509,3569524736,0.0000,0.0000
78.867192,3727941632,27141920,11,197.1709,24.6430,3569524736,0.0000,0.0000
78.917744,3727941632,27248568,11,206.3891,25.8167,3569524736,0.0000,0.0000
78.970347,3727949824,27355216,12,198.3476,24.8322,3569524736,0.0000,0.0000
79.023055,3727953920,10707840,13,197.6762,24.7309,3569262592,0.0000,0.0000
79.075205,3727978496,6292264,13,213.5231,26.6995,3569262592,0.0000,0.0000
79.125988,3727978496,6400472,13,207.4088,25.9409,3569262592,0.0000,0.0000
79.178648,3727978496,6509480,13,197.8564,24.7290,3569262592,0.0000,0.0000
79.231280,3727978496,6618488,13,197.3119,24.6782,3569262592,0.0000,0.0000
79.281827,3727978496,6727496,13,206.8356,25.8413,3569262592,0.0000,0.0000
79.334418,3727978496,6836504,13,189.7355,23.7360,3569262592,0.0000,0.0000
79.387050,3727978496,6945512,13,196.3460,24.5580,3569262592,0.0000,0.0000
79.437551,3727978496,7054520,13,206.9148,25.8668,3569262592,0.0000,0.0000
79.490222,3727978496,7163528,13,198.5738,24.8334,3569262592,0.0000,0.0000
79.542807,3727978496,7271888,13,198.8012,24.8525,3569262592,0.0000,0.0000
79.595439,3727978496,7380856,13,182.3866,22.8031,3569262592,0.0000,0.0000
79.646325,3727978496,7489824,13,206.0075,25.7610,3569262592,0.0000,0.0000
79.698952,3727978496,7598792,13,198.6737,24.8534,3569262592,0.0000,0.0000
79.749462,3727978496,7707760,13,206.8869,25.8713,3569262592,0.0000,0.0000
79.802123,3727978496,7816728,13,196.1618,24.5945,3569262592,0.0000,0.0000
79.854775,3727978496,7925696,13,189.1031,23.6374,3569262592,0.0000,0.0000
79.907387,3727978496,8034664,13,196.8954,24.6243,3569262592,0.0000,0.0000
79.957956,3727978496,8143632,13,199.5333,24.9493,3569262592,0.0000,0.0000
80.010774,3727978496,8252600,13,198.0995,24.8218,3569262592,0.0000,0.0000
80.061933,3727978496,8361568,13,202.7010,25.3410,3569262592,0.0000,0.0000
80.114874,3727978496,8470536,13,197.2721,24.6677,3569262592,0.0000,0.0000
80.165615,3727978496,8579504,13,203.8151,25.4747,3569262592,0.0000,0.0000
80.218254,3727978496,8688472,13,198.1987,24.7915,3569262592,0.0000,0.0000
80.270973,3727978496,8797440,13,195.6361,24.4552,3569262592,0.0000,0.0000
80.321495,3727978496,8906408,13,206.9118,25.8771,3569262592,0.0000,0.0000
80.374125,3727978496,9015376,13,198.6517,24.8308,3569262592,0.0000,0.0000
80.427034,3727978496,9124344,13,198.1020,24.7734,3569262592,0.0000,0.0000
80.477569,3727978496,9233312,13,206.8274,25.8522,3569262592,0.0000,0.0000
80.530161,3727978496,9342280,13,181.9753,22.7597,3569262592,0.0000,0.0000
80.582766,3727978496,9451248,13,193.1683,24.1541,3569262592,0.0000,0.0000
80.635355,3727978496,9560216,13,198.7142,24.8697,3569262592,0.0000,0.0000
80.685926,3727978496,9669184,13,206.7323,25.8423,3569262592,0.0000,0.0000
80.738574,3727978496,9778152,13,198.6339,24.8276,3569262592,0.0000,0.0000
80.791204,3727978496,9887120,13,199.1906,24.9879,3569262592,0.0000,0.0000
80.841767,3727978496,9996088,13,203.7534,25.4694,3569262592,0.0000,0.0000
80.894375,3727978496,10105056,13,196.0033,24.5140,3569262592,0.0000,0.0000
80.947051,3727978496,10214024,13,195.8360,24.4802,3569262592,0.0000,0.0000
80.997598,3727978496,10322992,13,199.2352,24.9872,3569262592,0.0000,0.0000
81.050242,3727978496,10435904,13,205.7974,25.7223,3569262592,0.0000,0.0000
81.102923,3727978496,10540928,13,198.4438,24.8195,3569262592,0.0000,0.0000
81.153493,3727978496,10649896,13,206.5940,25.8213,3569262592,0.0000,0.0000
81.206123,3727978496,10758864,13,198.4332,24.8160,3569262592,0.0000,0.0000
81.258787,3727978496,10867832,13,198.4935,24.8131,3569262592,0.0000,0.0000
81.309481,3727978496,10976800,13,205.9786,25.7922,3569262592,0.0000,0.0000
81.362363,3727978496,11085768,13,197.7796,24.7232,3569262592,0.0000,0.0000
81.415224,3727978496,11194736,13,198.1983,24.8533,3569262592,0.0000,0.0000
81.465898,3727978496,11303704,13,206.5671,25.8090,3569262592,0.0000,0.0000
81.518952,3727978496,11412672,13,196.8964,25.0350,3569262592,0.0000,0.0000
81.569838,3727978496,11521640,13,103.7360,12.9771,3569262592,0.0000,0.0000
81.622500,3727978496,11630608,13,159.2951,19.9287,3569262592,0.0000,0.0000
81.675347,3727978496,11739576,13,198.2561,24.7799,3569262592,0.0000,0.0000
81.725934,3727978496,11848544,13,206.5917,25.8492,3569262592,0.0000,0.0000
81.778615,3727978496,11957512,13,199.8432,25.0345,3569262592,0.0000,0.0000
81.831417,3727978496,12066480,13,198.1607,24.7926,3569262592,0.0000,0.0000
81.882010,3727978496,12175448,13,205.4751,25.6844,3569262592,0.0000,0.0000
81.934723,3727978496,12284416,13,195.7495,24.4720,3569262592,0.0000,0.0000
81.987368,3727978496,12393384,13,192.5223,24.1071,3569262592,0.0000,0.0000
82.038252,3727978496,12502352,13,206.1937,25.7929,3569262592,0.0000,0.0000
82.091221,3727978496,12611320,13,197.5540,24.7204,3569262592,0.0000,0.0000
82.141828,3727978496,12720288,13,204.6429,25.5781,3569262592,0.0000,0.0000
82.194437,3727978496,12829256,13,190.3165,23.8045,3569262592,0.0000,0.0000
82.247220,3727978496,12938224,13,197.9395,24.7436,3569262592,0.0000,0.0000
82.297944,3727978496,13047192,13,206.5626,25.8228,3569262592,0.0000,0.0000
82.350798,3727978496,13156160,13,193.2815,24.1701,3569262592,0.0000,0.0000
82.401460,3727978496,13265128,13,206.5102,25.8308,3569262592,0.0000,0.0000
82.454295,3727978496,13374096,13,198.2958,24.7882,3569262592,0.0000,0.0000
82.506947,3727978496,13483064,13,198.5634,24.8351,3569262592,0.0000,0.0000
82.557483,3727978496,13592032,13,206.9832,25.8729,3569262592,0.0000,0.0000
82.610288,3727978496,13701000,13,198.2316,24.7946,3569262592,0.0000,0.0000
82.663242,3727978496,13809968,13,197.9953,24.7518,3569262592,0.0000,0.0000
82.718127,3727978496,13918936,13,206.4717,25.8231,3569262592,0.0000,0.0000
82.770788,3727978496,14027904,13,198.0016,24.8354,3569262592,0.0000,0.0000
82.823408,3727978496,14136872,13,198.6256,24.8486,3569262592,0.0000,0.0000
82.874017,3727978496,14245840,13,206.6356,25.8299,3569262592,0.0000,0.0000
82.926706,3727978496,14354808,13,198.4141,24.8200,3569262592,0.0000,0.0000
82.977536,3727978496,14463776,13,206.2176,25.8097,3569262592,0.0000,0.0000
83.030194,3727978496,14572744,13,198.3930,24.8167,3569262592,0.0000,0.0000
83.083105,3735875584,18774584,13,202.7692,25.3440,3561582592,0.0000,0.0000
83.133629,3735875584,18883528,13,205.9800,25.7693,3561582592,0.0000,0.0000
83.186252,3735875584,18992496,13,198.3399,24.7880,3561582592,0.0000,0.0000
83.238899,3735875584,19101464,13,198.5982,24.8416,3561582592,0.0000,0.0000
83.289587,3735875584,19210432,13,206.3131,25.7879,3561582592,0.0000,0.0000
83.342228,3735875584,19319400,13,198.3579,24.8107,3561582592,0.0000,0.0000
83.395714,3735875584,19428368,13,196.1496,24.7148,3561582592,0.0000,0.0000
83.446299,3735875584,19537336,13,207.3919,25.7340,3561582592,0.0000,0.0000
83.498963,3735875584,19646304,13,198.2561,24.7970,3561582592,0.0000,0.0000
83.549483,3735875584,19755272,13,206.9054,25.8629,3561582592,0.0000,0.0000
83.602126,3735875584,19864240,13,198.5605,24.8360,3561582592,0.0000,0.0000
83.654790,3735875584,19973208,13,198.2534,24.7798,3561582592,0.0000,0.0000
83.705562,3735875584,20082176,13,204.5690,25.5881,3561582592,0.0000,0.0000
83.758278,3735875584,20191144,13,198.0344,25.3921,3561582592,0.0000,0.0000
83.810908,3735875584,20300112,13,198.3603,24.8748,3561582592,0.0000,0.0000
83.861458,3735875584,20409080,13,206.3490,25.7916,3561582592,0.0000,0.0000
83.914112,3735875584,20518048,13,198.3109,24.8024,3561582592,0.0000,0.0000
83.967038,3735875584,20627016,13,187.7531,23.4748,3561582592,0.0000,0.0000
84.022101,3735875584,20735984,13,195.0432,24.4791,3561582592,0.0000,0.0000
84.074750,3735875584,20844952,13,154.6043,19.3279,3561582592,0.0000,0.0000
84.127416,3735875584,20953920,13,198.5957,24.8596,3561582592,0.0000,0.0000
84.178020,3735875584,21062888,13,165.6720,20.7048,3561582592,0.0000,0.0000
84.230750,3735875584,21171856,13,198.9528,24.8878,3561582592,0.0000,0.0000
84.283432,3735875584,21280824,13,197.6029,24.7006,3561582592,0.0000,0.0000
84.335830,3735875584,21389792,13,200.3412,25.0586,3561582592,0.0000,0.0000
84.386459,3735875584,21498760,13,205.3435,25.6689,3561582592,0.0000,0.0000
84.439240,3735875584,21607728,13,191.9304,24.0048,3561582592,0.0000,0.0000
84.490779,3735875584,21716696,13,193.6968,24.2119,3561582592,0.0000,0.0000
84.541497,3735875584,21825664,13,195.5432,24.4597,3561582592,0.0000,0.0000
84.594119,3735875584,21934632,13,198.4360,24.8045,3561582592,0.0000,0.0000
84.646719,3735875584,22043600,13,195.6418,24.4695,3561582592,0.0000,0.0000
84.699377,3735875584,22152568,13,196.6087,24.5993,3561582592,0.0000,0.0000
84.749918,3735875584,22261536,13,199.9616,24.9987,3561582592,0.0000,0.0000
84.802529,3735875584,22370504,13,197.8864,24.8171,3561582592,0.0000,0.0000
84.855438,3735875584,22479472,13,193.3958,24.1747,3561582592,0.0000,0.0000
84.905979,3735875584,22588440,13,201.4606,25.1937,3561582592,0.0000,0.0000
84.958587,3735875584,22697408,13,196.7188,24.5841,3561582592,0.0000,0.0000
85.009476,3735875584,22806376,13,203.4797,25.4991,3561582592,0.0000,0.0000
85.062210,3735875584,22915344,13,196.3936,24.5497,3561582592,0.0000,0.0000
85.113491,3735875584,2554848,13,206.1945,25.7919,3561582592,0.0000,0.0000
85.166263,3735875584,2663920,13,198.1012,24.7612,3561582592,0.0000,0.0000
85.219131,3735875584,2772992,13,197.9882,24.9845,3561582592,0.0000,0.0000
85.269654,3735875584,2882064,13,203.1661,25.3945,3561582592,0.0000,0.0000
85.322585,3735875584,2991136,13,196.0862,24.5285,3561582592,0.0000,0.0000
85.375505,3735875584,3100208,13,187.1951,23.3996,3561582592,0.0000,0.0000
85.426175,3735875584,3209280,13,205.5922,25.7239,3561582592,0.0000,0.0000
85.478889,3735875584,3320400,13,188.7434,23.5936,3561582592,0.0000,0.0000
85.529577,3735875584,3429472,13,197.5162,24.6945,3561582592,0.0000,0.0000
85.582242,3735875584,3538544,13,198.3256,24.8083,3561582592,0.0000,0.0000
85.634911,3735875584,3647616,13,198.2483,24.8093,3561582592,0.0000,0.0000
85.685814,3735875584,3756688,13,201.8514,25.2312,3561582592,0.0000,0.0000
85.738520,3735875584,3861616,13,198.1695,24.7916,3561582592,0.0000,0.0000
85.791261,3735875584,3970624,13,190.4579,23.8717,3561582592,0.0000,0.0000
85.841898,3735879680,9076280,13,194.5787,24.3409,3561320448,0.0000,0.0000
85.894517,3735879680,9185248,13,196.7650,24.5982,3561320448,0.0000,0.0000
85.947153,3735879680,9294216,13,186.3337,23.3026,3561447424,0.0000,0.0000
85.997809,3735879680,9403184,13,197.2374,24.7050,3561447424,0.0000,0.0000
86.050445,3735879680,9512152,13,206.2010,25.7770,3561447424,0.0000,0.0000
86.103131,3735879680,9621120,13,198.4694,24.8208,3561447424,0.0000,0.0000
86.153723,3737575424,9730088,13,206.3461,25.7975,3559350272,0.0000,0.0000
86.206473,3760340992,9839056,13,198.3477,24.8098,3536805888,0.0000,0.0000
86.259198,3760340992,9948024,13,198.1026,24.7621,3536805888,0.0000,0.0000
86.309761,3760340992,10056992,13,204.9887,25.6384,3536805888,0.0000,0.0000
86.362384,3760340992,10165960,13,198.6671,24.8336,3536805888,0.0000,0.0000
86.415028,3760340992,10274928,13,198.3086,24.8066,3536805888,0.0000,0.0000
86.465575,3760340992,10383896,13,201.6998,25.2137,3536805888,0.0000,0.0000
86.518287,3760340992,10492864,13,198.1663,24.7822,3536805888,0.0000,0.0000
86.570981,3760340992,10601832,13,198.6192,24.8279,3536805888,0.0000,0.0000
86.621522,3760340992,10710800,13,206.8123,25.8644,3536805888,0.0000,0.0000
86.674209,3760340992,10819768,13,198.5461,24.8192,3536805888,0.0000,0.0000
86.726862,3760340992,10928736,13,198.5387,24.8408,3536805888,0.0000,0.0000
86.779463,3760340992,11037704,13,198.7388,24.9761,3536805888,0.0000,0.0000
86.829999,3760340992,11146672,13,206.7718,25.8618,3536805888,0.0000,0.0000
86.882623,3760340992,15385080,13,198.8196,24.8413,3536805888,0.0000,0.0000
86.935285,3760340992,15493752,13,198.7194,24.8542,3536805888,0.0000,0.0000
86.985830,3760340992,15602720,13,206.3753,25.8402,3536805888,0.0000,0.0000
87.038477,3760340992,15711688,13,196.9928,24.6412,3536805888,0.0000,0.0000
87.091159,3760340992,15820656,13,195.2303,24.4031,3536805888,0.0000,0.0000
87.141731,3760340992,15929624,13,206.7401,25.8536,3536805888,0.0000,0.0000
87.194529,3760463872,16038592,13,198.1196,24.7706,3536805888,0.0000,0.0000
87.247353,3760463872,16147560,13,198.2572,24.8039,3536805888,0.0000,0.0000
87.297914,3760463872,16256528,13,206.5873,25.8118,3536805888,0.0000,0.0000
87.350508,3760463872,16365496,13,198.3595,24.8163,3536805888,0.0000,0.0000
87.403278,3760463872,16474464,13,196.4499,24.5773,3536805888,0.0000,0.0000
87.454016,3760463872,16583432,13,205.2442,25.6494,3536805888,0.0000,0.0000
87.506599,3760463872,16692400,13,198.7555,24.8585,3536805888,0.0000,0.0000
87.559303,3760463872,16801368,13,198.6377,24.8285,3536805888,0.0000,0.0000
87.609826,3760463872,16910336,13,206.8630,25.8742,3536805888,0.0000,0.0000
87.662428,3760463872,17019304,13,198.5944,24.8257,3536805888,0.0000,0.0000
87.715063,3760463872,17128272,13,198.6336,24.8306,3536805888,0.0000,0.0000
87.765570,3760463872,17237240,13,206.9753,25.9467,3536805888,0.0000,0.0000
87.818184,3760463872,17346208,13,198.6943,24.8482,3536805888,0.0000,0.0000
87.870760,3760463872,17455176,13,194.0391,24.2582,3536805888,0.0000,0.0000
87.923376,3760463872,17564144,13,196.8451,24.6237,3536805888,0.0000,0.0000
87.974196,3760463872,17673112,13,204.9149,25.6124,3536805888,0.0000,0.0000
88.026807,3760463872,17782080,13,199.2150,25.8211,3536961536,0.0000,0.0000
88.077513,3760463872,17891048,13,206.3282,25.8009,3536961536,0.0000,0.0000
88.130565,3760463872,18000016,13,191.5724,23.9828,3536961536,0.0000,0.0000
88.183206,3760463872,18108984,13,194.9655,24.3650,3536961536,0.0000,0.0000
88.233742,3760463872,18217952,13,206.8823,25.8759,3536961536,0.0000,0.0000
88.286356,3760463872,18326920,13,197.9473,24.7441,3536961536,0.0000,0.0000
88.339107,3760463872,18435888,13,197.2433,24.6675,3536961536,0.0000,0.0000
88.389827,3760463872,18544856,13,206.4432,25.8066,3536961536,0.0000,0.0000
88.442472,3760463872,18653824,13,198.6092,24.8587,3537010688,0.0000,0.0000
88.495274,3760463872,18762792,13,198.2144,24.7747,3537010688,0.0000,0.0000
88.545954,3760463872,18871760,13,206.5541,25.8355,3537010688,0.0000,0.0000
88.598627,3760463872,18980728,13,200.4256,25.0542,3537010688,0.0000,0.0000
88.651445,3760463872,19089696,13,191.5855,23.9449,3537010688,0.0000,0.0000
88.702000,3760463872,19198664,13,206.7807,25.8696,3537010688,0.0000,0.0000
88.754604,3760463872,19307632,13,198.6727,24.8436,3537010688,0.0000,0.0000
88.807443,3760463872,19416600,13,184.2410,23.1127,3537010688,0.0000,0.0000
88.858284,3760463872,19525568,13,205.9287,25.7352,3537010688,0.0000,0.0000
88.910887,3760463872,19634512,13,192.9089,24.1329,3537010688,0.0000,0.0000
88.963503,3760463872,19743480,13,195.8146,24.4759,3537010688,0.0000,0.0000
89.014475,3760463872,19852448,13,205.7867,25.7832,3537010688,0.0000,0.0000
89.067668,3760463872,19961416,13,197.7941,24.7191,3537010688,0.0000,0.0000
89.118404,3760463872,20070384,13,206.3233,25.8030,3537010688,0.0000,0.0000
89.171075,3760463872,20179352,13,193.1696,24.1460,3537010688,0.0000,0.0000
89.221676,3760463872,20288320,13,206.4702,25.8194,3537010688,0.0000,0.0000
89.275032,3760463872,20397288,13,194.4760,24.3095,3537010688,0.0000,0.0000
89.325846,3760463872,20506256,13,205.8205,25.7423,3537010688,0.0000,0.0000
89.378655,3760463872,20615224,13,198.6021,24.8189,3537010688,0.0000,0.0000
89.429497,3760463872,20724192,13,205.9010,25.7735,3537010688,0.0000,0.0000
89.482155,3760463872,20833160,13,198.6752,24.8247,3537010688,0.0000,0.0000
89.534750,3760463872,20942128,13,198.7931,24.8722,3537010688,0.0000,0.0000
89.587401,3760463872,21051096,13,185.7123,23.2143,3537010688,0.0000,0.0000
89.637973,3760463872,21160064,13,206.7148,25.8562,3537010688,0.0000,0.0000
89.690582,3760463872,21269032,13,198.6611,24.8314,3537010688,0.0000,0.0000
89.743217,3760463872,21378000,13,198.6397,24.8509,3537010688,0.0000,0.0000
89.793760,3760463872,21486968,13,189.3928,23.7441,3537010688,0.0000,0.0000
89.846463,3760439296,21595936,12,194.1468,24.3110,3537031168,0.0000,0.0000
89.899205,3760439296,21703744,12,199.4418,24.9345,3537031168,0.0000,0.0000
89.950203,3760439296,21811552,12,204.3547,25.5507,3537031168,0.0000,0.0000
90.003017,3760439296,21919360,12,198.1448,24.8476,3537031168,0.0000,0.0000
90.053827,3760439296,22027168,12,198.3546,24.8064,3537031168,0.0000,0.0000
90.106512,3760439296,22134976,12,194.3529,24.3373,3537031168,0.0000,0.0000
90.159759,3760439296,22242784,12,196.5418,24.5553,3537031168,0.0000,0.0000
90.209746,3760439296,22354784,12,208.6799,26.1057,3537031168,0.0000,0.0000
90.262326,3760439296,22462200,12,198.7509,24.8453,3537031168,0.0000,0.0000
90.314941,3760439296,22570008,12,198.5388,24.8328,3537031168,0.0000,0.0000
90.365522,3760439296,22677816,12,207.1319,34.4151,3520876544,0.0000,0.0000
90.418100,3760439296,22785624,12,198.2944,30.0532,3537154048,0.0000,0.0000
90.470749,3760439296,22893432,12,198.5413,24.8283,3537154048,0.0000,0.0000
90.523382,3760439296,23001240,12,198.5614,24.8368,3537154048,0.0000,0.0000
90.573939,3760439296,23109048,12,206.8276,25.8690,3537154048,0.0000,0.0000
90.626558,3760439296,23216856,12,198.6374,24.8544,3537154048,0.0000,0.0000
90.679164,3760439296,23324664,12,198.7005,24.8369,3537154048,0.0000,0.0000
90.729672,3760439296,23432472,12,206.7474,25.8541,3537154048,0.0000,0.0000
90.782254,3760439296,23540280,12,198.8228,24.9308,3537154048,0.0000,0.0000
90.834841,3760439296,23648088,12,197.6310,24.7322,3537154048,0.0000,0.0000
90.887433,3760439296,23756456,12,196.5641,24.6715,3537231872,0.0000,0.0000
90.938078,3760525312,23859408,12,206.4543,25.8147,3536969728,0.0000,0.0000
90.990770,3760640000,23973544,12,192.8778,24.1904,3536994304,0.0000,0.0000
91.043406,3760742400,24079944,12,195.1444,24.4132,3536994304,0.0000,0.0000
91.094775,3760791552,7240136,12,205.6579,25.7043,3536994304,0.0000,0.0000
91.147358,3760791552,7353288,12,198.4839,24.8269,3536994304,0.0000,0.0000
91.197927,3760791552,7460264,12,195.1871,24.3972,3536994304,0.0000,0.0000
91.250497,3760791552,7563160,12,198.7696,24.8626,3536994304,0.0000,0.0000
91.303092,3760791552,7676312,12,198.8459,24.8579,3536994304,0.0000,0.0000
91.353713,3760791552,7783352,12,206.6677,25.8461,3536994304,0.0000,0.0000
91.406513,3760791552,7892424,12,158.7457,19.8657,3536994304,0.0000,0.0000
91.459146,3760791552,7999400,12,198.1316,24.8187,3536994304,0.0000,0.0000
91.509647,3760791552,8102296,12,206.8976,25.8746,3536994304,0.0000,0.0000
91.562267,3760791552,8215448,12,198.8092,24.8564,3536994304,0.0000,0.0000
91.614944,3760791552,8322424,12,198.4487,24.8210,3536994304,0.0000,0.0000
91.665456,3760791552,8431496,12,184.2585,23.0712,3536994304,0.0000,0.0000
91.718269,3760791552,8538472,12,188.1670,23.6025,3536994304,0.0000,0.0000
91.770872,3760791552,8641368,12,197.3621,24.6764,3536994304,0.0000,0.0000
91.823462,3760791552,8754520,12,197.4295,24.6944,3536994304,0.0000,0.0000
91.874012,3760791552,8861496,12,206.8575,25.8663,3536994304,0.0000,0.0000
91.926617,3760791552,8964392,12,198.6792,24.8553,3536994304,0.0000,0.0000
91.979353,3760791552,9076752,12,196.4666,24.5524,3536994304,0.0000,0.0000
92.030057,3760791552,9184560,12,206.4722,25.8997,3536994304,0.0000,0.0000
92.082728,3760791552,9292368,12,200.1116,25.0094,3536994304,0.0000,0.0000
92.135324,3760791552,9400176,12,196.4845,24.5848,3536994304,0.0000,0.0000
92.185903,3760791552,9507984,12,206.6043,25.8369,3536994304,0.0000,0.0000
92.238514,3760791552,9615792,12,197.9149,24.7467,3536994304,0.0000,0.0000
92.291134,3760791552,9723600,12,198.6450,24.8316,3536994304,0.0000,0.0000
92.341743,3760791552,9831408,12,206.6321,25.8473,3536994304,0.0000,0.0000
92.393826,3760791552,9939216,12,203.5824,25.4464,3536994304,0.0000,0.0000
92.446611,3760791552,10047024,12,198.4344,24.8100,3536994304,0.0000,0.0000
92.499314,3760791552,10159024,12,198.2893,24.7987,3536994304,0.0000,0.0000
92.549964,3760791552,10266440,12,206.2378,25.7958,3536994304,0.0000,0.0000
92.602935,3760791552,10374248,12,198.0382,24.7562,3536994304,0.0000,0.0000
92.653518,3760791552,10482056,12,206.7445,25.8601,3536994304,0.0000,0.0000
92.706296,3760791552,10589864,12,198.3478,24.7930,3536994304,0.0000,0.0000
92.758990,3760791552,10697672,12,198.5182,24.8376,3536994304,0.0000,0.0000
92.809564,3760791552,10805480,12,206.7494,25.9393,3536994304,0.0000,0.0000
92.862308,3760791552,10913288,12,198.2478,24.7781,3536994304,0.0000,0.0000
92.914965,3760791552,11021096,12,198.5016,24.8300,3536994304,0.0000,0.0000
92.965512,3760791552,11128904,12,205.3911,25.6731,3536994304,0.0000,0.0000
93.018156,3760791552,11236688,12,197.9086,24.7960,3536994304,0.0000,0.0000
93.070953,3760791552,11344496,12,198.1810,24.7769,3536994304,0.0000,0.0000
93.121786,3760791552,11452304,12,201.3554,25.1884,3536994304,0.0000,0.0000
93.173854,3760791552,11560112,12,203.6199,25.4458,3536994304,0.0000,0.0000
93.226463,3760791552,11667920,12,197.7707,24.7344,3536994304,0.0000,0.0000
93.279149,3760791552,11775728,12,198.4151,24.8031,3536994304,0.0000,0.0000
93.329729,3760791552,11883536,12,206.6793,25.8502,3536994304,0.0000,0.0000
93.382335,3760791552,11991344,12,197.6375,24.7054,3536994304,0.0000,0.0000
93.435020,3760791552,12099152,12,198.5468,24.8369,3536994304,0.0000,0.0000
93.485777,3760791552,12206960,12,206.1903,25.7713,3536994304,0.0000,0.0000
93.538438,3760791552,12314768,12,198.6244,24.8487,3536994304,0.0000,0.0000
93.591178,3760791552,12422576,12,198.3830,24.7981,3536994304,0.0000,0.0000
93.641842,3760791552,12530384,12,206.4625,25.8858,3536994304,0.0000,0.0000
93.694552,3760791552,12638192,12,198.4887,24.8111,3536994304,0.0000,0.0000
93.747266,3760791552,12746000,12,198.5044,24.8356,3536994304,0.0000,0.0000
93.797788,3760791552,12853808,12,206.8033,25.9279,3536994304,0.0000,0.0000
93.850412,3760791552,12961616,12,198.5455,24.8405,3536994304,0.0000,0.0000
93.903400,3760791552,13069424,12,197.9048,24.7336,3536994304,0.0000,0.0000
93.953976,3760791552,13177232,12,204.2562,25.5570,3536994304,0.0000,0.0000
94.006648,3760791552,13285040,12,197.9446,24.7756,3536994304,0.0000,0.0000
94.059386,3760791552,13392848,12,198.1585,24.7999,3536994304,0.0000,0.0000
94.110442,3760791552,13500656,12,207.0197,25.8941,3536994304,0.0000,0.0000
94.163383,3760791552,13608464,12,196.7160,24.5834,3536994304,0.0000,0.0000
94.214072,3760791552,13716272,12,205.8865,25.7496,3536994304,0.0000,0.0000
94.266703,3760791552,13824080,12,198.3132,24.7906,3536994304,0.0000,0.0000
94.317453,3760791552,13931888,12,206.2975,25.8034,3536994304,0.0000,0.0000
94.370123,3760791552,14039696,12,198.4207,24.8009,3536994304,0.0000,0.0000
94.422719,3760791552,14147504,12,191.0996,23.9041,3536994304,0.0000,0.0000
94.475282,3760791552,14255312,12,206.4086,25.8006,3536994304,0.0000,0.0000
94.525803,3760791552,14363120,12,206.8388,25.8742,3536994304,0.0000,0.0000
94.576324,3760791552,14470928,12,158.5870,19.8246,3536994304,0.0000,0.0000
94.630980,3760791552,14578736,12,179.8779,22.5010,3536994304,0.0000,0.0000
94.681496,3760791552,14686544,12,206.8275,25.8576,3536994304,0.0000,0.0000
94.734153,3760791552,14794352,12,198.5943,24.8390,3536994304,0.0000,0.0000
94.786759,3760791552,14902160,12,198.6473,24.9024,3536994304,0.0000,0.0000
94.839356,3760791552,15009968,12,198.6969,24.8542,3536994304,0.0000,0.0000
94.889889,3760791552,15117776,12,206.8475,25.8752,3536994304,0.0000,0.0000
94.942769,3760791552,15225584,12,196.4853,24.5540,3536994304,0.0000,0.0000
94.995348,3760791552,15333392,12,196.7690,24.6342,3536994304,0.0000,0.0000
95.045862,3760791552,15441176,12,206.7525,25.8564,3536994304,0.0000,0.0000
95.098465,3760791552,15548984,12,198.6891,24.8371,3536994304,0.0000,0.0000
95.151129,3760791552,15656792,12,198.2261,24.7956,3536994304,0.0000,0.0000
95.201829,3760791552,15764600,12,205.7177,25.7127,3536994304,0.0000,0.0000
95.254477,3760791552,15872408,12,198.3057,24.8051,3536994304,0.0000,0.0000
95.307100,3760791552,15980216,12,197.7014,24.7122,3536994304,0.0000,0.0000
95.357627,3760791552,16088024,12,206.4068,25.8234,3536994304,0.0000,0.0000
95.410383,3760791552,16195832,12,198.2611,24.7850,3536994304,0.0000,0.0000
95.463228,3760791552,16303640,12,197.9226,24.7469,3536994304,0.0000,0.0000
95.513822,3760791552,16411448,12,206.9799,25.8895,3536994304,0.0000,0.0000
95.566476,3760791552,16519256,12,198.3124,24.7891,3536994304,0.0000,0.0000
95.619086,3760791552,16627064,12,198.6995,24.8700,3536994304,0.0000,0.0000
95.669701,3760791552,16734872,12,206.6743,25.8284,3536994304,0.0000,0.0000
95.722338,3760791552,16842680,12,198.5155,24.8346,3536994304,0.0000,0.0000
95.775035,3760791552,16950488,12,198.3453,24.7979,3536994304,0.0000,0.0000
95.825542,3760791552,17058296,12,206.8433,25.9245,3536994304,0.0000,0.0000
95.878156,3760791552,17166104,12,198.6764,24.8341,3536994304,0.0000,0.0000
95.930741,3760791552,17273912,12,198.6586,24.8471,3536994304,0.0000,0.0000
95.983360,3760791552,17381720,12,197.3040,24.6647,3536994304,0.0000,0.0000
96.033880,3760791552,17489528,12,206.8686,25.9098,3536994304,0.0000,0.0000
96.086493,3760791552,17597336,12,198.5730,24.8230,3536994304,0.0000,0.0000
96.139286,3760791552,17705144,12,189.4919,23.7085,3536994304,0.0000,0.0000
96.189906,3760791552,17812952,12,206.5915,25.8232,3536994304,0.0000,0.0000
96.242541,3760791552,17920760,12,197.7912,24.7422,3536994304,0.0000,0.0000
96.295153,3760791552,18028568,12,198.5665,24.8210,3536994304,0.0000,0.0000
96.345648,3760791552,18136376,12,206.6181,25.8493,3536994304,0.0000,0.0000
96.398240,3760791552,18244184,12,198.6968,24.9315,3536994304,0.0000,0.0000
96.450845,3760791552,18351992,12,198.7058,24.8551,3536994304,0.0000,0.0000
96.501455,3760791552,18459800,12,206.6263,25.8288,3536994304,0.0000,0.0000
96.554083,3760791552,18567608,12,198.7543,24.8649,3536994304,0.0000,0.0000
96.606919,3760791552,18675416,12,198.1819,24.7737,3536994304,0.0000,0.0000
96.657507,3760791552,18783224,12,198.7313,24.8545,3536994304,0.0000,0.0000
96.710158,3760791552,18891032,12,206.1879,25.7742,3536994304,0.0000,0.0000
96.762858,3760791552,18998840,12,198.5009,24.8342,3536994304,0.0000,0.0000
96.813444,3760791552,19106648,12,206.6050,25.8862,3536994304,0.0000,0.0000
96.866156,3760791552,19214464,12,198.0179,24.7653,3536994304,0.0000,0.0000
96.918871,3760791552,19322280,12,198.2862,24.8076,3536994304,0.0000,0.0000
96.969599,3760791552,19430096,12,205.0114,25.6217,3536994304,0.0000,0.0000
97.022206,3760791552,19537912,12,198.5420,24.8655,3536994304,0.0000,0.0000
97.074975,3760791552,19645728,12,198.2638,24.7887,3536994304,0.0000,0.0000
97.125802,3760791552,19753544,12,206.7016,25.8505,3536994304,0.0000,0.0000
97.178381,3760791552,19861360,12,198.5127,24.8134,3536994304,0.0000,0.0000
97.231009,3760791552,19969176,12,198.2257,24.7927,3536994304,0.0000,0.0000
97.281504,3760791552,20076992,12,206.8035,25.8507,3536994304,0.0000,0.0000
97.334237,3760791552,20184808,12,198.2239,24.7943,3536994304,0.0000,0.0000
97.387398,3760791552,20292624,12,197.5821,24.6952,3536994304,0.0000,0.0000
97.437981,3760791552,20400440,12,206.6679,25.8505,3536994304,0.0000,0.0000
97.490762,3760791552,20508256,12,198.2949,24.7850,3536994304,0.0000,0.0000
97.543382,3760791552,20616072,12,198.7294,24.8576,3536994304,0.0000,0.0000
97.593957,3760791552,20723888,12,198.9540,24.8705,3536994304,0.0000,0.0000
97.646574,3760791552,20831704,12,198.6525,24.8434,3536994304,0.0000,0.0000
97.699327,3760791552,20939520,12,198.4043,24.8008,3536994304,0.0000,0.0000
97.749823,3760791552,21047336,12,207.0073,25.8893,3536994304,0.0000,0.0000
97.801989,3760799744,22388728,13,140.5565,17.7555,3536994304,0.0000,0.0000
97.852492,3760799744,22497704,13,0.9584,0.1356,3537121280,0.0000,0.0000
