seconds,rss_bytes,gc_heap_bytes,threads,process_cpu_percent,capacity_cpu_percent,available_ram_bytes,cpu_psi_percent,memory_psi_percent
0.060817,111955968,3312568,11,106.2286,13.2577,7145697280,0.0000,0.0000
0.127132,199647232,3427504,11,124.0662,15.5693,7095107584,0.0000,0.0000
0.178308,207982592,3533848,11,104.0657,13.0370,7086174208,0.0000,0.0000
0.231342,286392320,3640248,11,99.6989,12.4607,7008337920,0.0000,0.0000
0.283905,300204032,3810240,12,64.2278,8.1498,6999433216,0.0000,0.0000
0.334634,308178944,9674864,12,103.9159,12.9850,6992523264,0.0000,0.0000
0.387393,380813312,11807344,12,174.5679,21.8430,6920433664,0.0000,0.0000
0.438232,381112320,11915224,12,205.5521,25.6952,6920171520,0.0000,0.0000
0.490162,524300288,12028624,12,196.0201,24.5222,6775480320,0.0000,0.0000
0.543051,783441920,12135024,12,220.0470,27.4997,6516219904,0.0000,0.0000
0.595956,1071112192,12243032,12,191.6924,23.9778,6227337216,0.0000,0.0000
0.646818,1142296576,12350840,12,289.2421,36.1540,6158393344,0.0000,0.0000
0.699751,1142472704,12454480,12,199.6849,24.9760,6158131200,0.0000,0.0000
0.751037,1142591488,12561824,12,212.1145,26.5158,6158131200,0.0000,0.0000
0.803930,1142874112,12679768,12,292.5590,37.0858,6157606912,0.0000,0.0000
0.859548,1160101888,12790248,12,214.1455,26.3070,6140043264,0.0000,0.0000
0.910274,1166577664,12890792,12,206.4618,25.8476,6134013952,0.0000,0.0000
0.963150,1166696448,13003496,12,177.4024,22.2143,6133751808,0.0000,0.0000
1.016051,1166811136,13109704,12,205.7606,25.7326,6133751808,0.0000,0.0000
1.066960,1166917632,13219080,12,210.4004,26.3261,6133489664,0.0000,0.0000
1.119961,1167020032,13322760,12,191.0148,23.9342,6133489664,0.0000,0.0000
1.170713,1167134720,13434664,12,204.9417,25.6406,6133227520,0.0000,0.0000
1.223558,1167319040,13544040,12,208.2554,26.0324,6133227520,0.0000,0.0000
1.274406,1167544320,13650248,12,308.2856,38.5357,6133227520,0.0000,0.0000
1.327816,1167646720,13769696,12,204.0157,25.5132,6132969472,0.0000,0.0000
1.378600,1167765504,13871736,12,200.1378,25.0699,6132969472,0.0000,0.0000
1.431437,1167880192,13984456,12,198.1165,24.7627,6132707328,0.0000,0.0000
1.482150,1167998976,14089152,12,202.1998,25.2873,6132707328,0.0000,0.0000
1.535157,1168261120,14196056,12,296.1452,37.1365,6132445184,0.0000,0.0000
1.586335,1168375808,14310432,12,209.4764,26.0820,6132183040,0.0000,0.0000
1.639089,1168482304,14416832,12,195.3000,24.4153,6132183040,0.0000,0.0000
1.691999,1168592896,14524976,12,198.6048,24.8402,6131924992,0.0000,0.0000
1.742701,1168793600,14629888,12,199.5811,24.9464,6131924992,0.0000,0.0000
1.795543,1171820544,14737112,12,295.9317,36.9945,6128779264,0.0000,0.0000
1.846475,1171939328,14849800,12,209.5889,26.2109,6128779264,0.0000,0.0000
1.899812,1172041728,14955816,12,200.0735,26.2907,6127906816,0.0000,0.0000
1.950877,1172213760,15066480,12,308.2929,39.3745,6127644672,0.0000,0.0000
2.003808,1172324352,15176960,12,199.7699,36.3103,6125834240,0.0000,0.0000
2.054874,1172426752,15283360,12,205.5826,25.6910,6125834240,0.0000,0.0000
2.107648,1172529152,15385648,12,198.4087,27.0828,6125031424,0.0000,0.0000
2.158247,1172725760,15497784,12,219.8103,27.8019,6124507136,0.0000,0.0000
2.210946,1172840448,15602816,12,200.5909,34.2261,6125854720,0.0000,0.0000
2.263647,1172963328,15713400,12,202.3988,25.9400,6126120960,0.0000,0.0000
2.314253,1173348352,15824096,12,309.4587,38.6885,6125858816,0.0000,0.0000
2.366998,1173450752,15930496,12,187.3637,23.4337,6125596672,0.0000,0.0000
2.419716,1173557248,16032288,12,203.5464,25.4431,6125596672,0.0000,0.0000
2.470448,1173671936,16144728,12,210.4817,26.3398,6125334528,0.0000,0.0000
2.523492,1173778432,16249952,12,198.0982,24.7599,6125334528,0.0000,0.0000
2.574092,1173880832,16360344,12,211.1416,27.2094,6124978176,0.0000,0.0000
2.626911,1174016000,16471232,12,229.5742,28.6968,6124978176,0.0000,0.0000
2.679634,1174122496,16576008,12,199.0391,24.8936,6124978176,0.0000,0.0000
2.730644,1174237184,16684288,12,207.4534,25.9297,6124716032,0.0000,0.0000
2.783413,1174339584,16790688,12,199.2545,24.9352,6124716032,0.0000,0.0000
2.836117,1174458368,16899456,12,201.1012,25.1336,6124453888,0.0000,0.0000
2.886788,1174564864,17007264,12,203.9056,25.5032,6124453888,0.0000,0.0000
2.939588,1174675456,17110144,12,199.2697,24.9395,6124453888,0.0000,0.0000
2.990438,1174777856,17218608,12,205.1355,25.8538,6124195840,0.0000,0.0000
3.043304,1174892544,17331424,12,200.1971,25.0301,6124195840,0.0000,0.0000
3.095996,1174994944,17437824,12,197.9879,24.8199,6123933696,0.0000,0.0000
3.146779,1175105536,17546328,12,206.4309,25.7918,6123933696,0.0000,0.0000
3.199498,1175212032,17654136,12,198.3839,24.8250,6123671552,0.0000,0.0000
3.250123,1175322624,17757280,12,206.6173,25.8262,6123671552,0.0000,0.0000
3.302909,1175425024,17865216,12,197.3334,24.6818,6123671552,0.0000,0.0000
3.355656,1175535616,17978560,12,198.4132,24.8009,6123409408,0.0000,0.0000
3.406468,1175638016,18080856,12,206.2162,25.7896,6123409408,0.0000,0.0000
3.459271,1175752704,18194320,12,186.6787,23.3386,6123147264,0.0000,0.0000
3.511948,1175855104,18298016,12,189.2810,23.6682,6123147264,0.0000,0.0000
3.562631,1175969792,18409936,12,206.0307,25.7783,6123147264,0.0000,0.0000
3.615937,1176080384,18519296,12,197.1545,24.6427,6122885120,0.0000,0.0000
3.666571,1176182784,18625552,12,206.4015,25.8148,6122885120,0.0000,0.0000
3.719319,1176297472,18733408,12,210.6884,26.3346,6122622976,0.0000,0.0000
3.772194,1176412160,18841240,12,199.5435,24.9526,6118166528,0.0000,0.0000
3.832139,1181044736,6453520,12,220.1214,27.5187,6118166528,0.0000,0.0000
3.883038,1181044736,6562592,12,191.9810,24.0155,6118166528,0.0000,0.0000
3.935779,1181044736,6669568,12,196.7300,24.6173,6118166528,0.0000,0.0000
3.988127,1181052928,6772464,12,208.7472,26.1089,6118170624,0.0000,0.0000
4.038691,1181208576,6885616,12,268.5244,33.5591,6118170624,0.0000,0.0000
4.091497,1181212672,6996672,12,203.9428,26.0432,6117679104,0.0000,0.0000
4.144355,1181212672,7099568,12,202.8215,25.6327,6117429248,0.0000,0.0000
4.194903,1181249536,7212720,12,309.4296,43.5409,6115971072,0.0000,0.0000
4.247643,1181257728,7319760,12,199.8510,31.8899,6115975168,0.0000,0.0000
4.298177,1181257728,7428832,12,202.5504,26.5031,6117564416,0.0000,0.0000
4.352909,1181257728,7535808,12,185.9123,23.2422,6117564416,0.0000,0.0000
4.403426,1181257728,7638704,12,215.3455,26.9293,6117564416,0.0000,0.0000
4.456073,1181274112,7750864,12,213.2980,26.6542,6117564416,0.0000,0.0000
4.506671,1181278208,7858672,12,206.6082,25.8389,6117564416,0.0000,0.0000
4.559366,1181278208,7966480,12,198.5559,24.8200,6117564416,0.0000,0.0000
4.612043,1181278208,8074288,12,194.5554,24.3303,6117564416,0.0000,0.0000
4.662666,1181278208,8182096,12,201.6850,25.2106,6117564416,0.0000,0.0000
4.715415,1181278208,8289904,12,199.6546,24.9677,6117564416,0.0000,0.0000
4.768092,1181278208,8397712,12,193.0307,24.1545,6117564416,0.0000,0.0000
4.818658,1181278208,8505520,12,199.7081,24.9638,6117564416,0.0000,0.0000
4.871353,1181278208,8613328,12,189.4116,23.6990,6117564416,0.0000,0.0000
4.924097,1181278208,8721136,12,198.2671,24.8405,6117564416,0.0000,0.0000
4.974683,1181278208,8828944,12,207.1454,25.8989,6117564416,0.0000,0.0000
5.027296,1181278208,8936752,12,198.4517,24.8174,6117564416,0.0000,0.0000
5.079897,1181282304,9044560,12,200.0502,25.0331,6117564416,0.0000,0.0000
5.130467,1181282304,9152368,12,206.6280,25.8898,6117564416,0.0000,0.0000
5.183058,1181282304,9260176,12,198.7576,24.8654,6117564416,0.0000,0.0000
5.235684,1181282304,9367984,12,195.5383,24.4401,6117564416,0.0000,0.0000
5.286191,1181282304,9475792,12,206.2118,25.7931,6117564416,0.0000,0.0000
5.338814,1181282304,9583600,12,198.3274,24.7916,6117564416,0.0000,0.0000
5.391614,1181282304,9691408,12,198.9901,24.8899,6117564416,0.0000,0.0000
5.442212,1181282304,9799216,12,198.7976,24.8453,6117564416,0.0000,0.0000
5.495022,1181282304,9907024,12,197.5270,24.7058,6117564416,0.0000,0.0000
5.547722,1181282304,10014832,12,198.5666,24.8213,6117564416,0.0000,0.0000
5.598243,1181282304,10122640,12,209.5407,26.2124,6117564416,0.0000,0.0000
5.650876,1181282304,10230448,12,198.6320,24.8233,6117564416,0.0000,0.0000
5.703525,1181282304,10338256,12,194.3820,24.3115,6117564416,0.0000,0.0000
5.754057,1181282304,10446064,12,206.8714,25.8614,6117564416,0.0000,0.0000
5.806758,1181282304,10553872,12,198.5116,24.8230,6117564416,0.0000,0.0000
5.859417,1181282304,10657336,12,200.3882,25.0511,6117564416,0.0000,0.0000
5.912026,1181282304,10769440,12,197.7301,24.8253,6117564416,0.0000,0.0000
5.962800,1181282304,10877248,12,203.1666,25.3961,6117564416,0.0000,0.0000
6.015575,1181282304,10985056,12,199.1022,24.8954,6117564416,0.0000,0.0000
6.066077,1181282304,11092864,12,206.8662,25.8848,6117564416,0.0000,0.0000
6.118964,1181282304,11200672,12,172.8059,21.6681,6117564416,0.0000,0.0000
6.171760,1181282304,11308480,12,196.0902,24.5181,6117564416,0.0000,0.0000
6.222958,1181282304,11416288,12,196.9031,24.8148,6117564416,0.0000,0.0000
6.277151,1181282304,11524096,12,196.4582,24.3774,6117564416,0.0000,0.0000
6.326338,1181282304,11631592,12,212.5392,26.5776,6117564416,0.0000,0.0000
6.378940,1181282304,11739400,12,196.5770,24.5864,6117564416,0.0000,0.0000
6.431562,1181282304,11847208,12,198.4698,24.8087,6117564416,0.0000,0.0000
6.482125,1181282304,11955016,12,206.7667,25.8626,6117564416,0.0000,0.0000
6.535330,1181282304,12062824,12,197.4589,24.6779,6117564416,0.0000,0.0000
6.587964,1181282304,12170632,12,189.3335,23.6866,6117564416,0.0000,0.0000
6.638545,1181282304,12278440,12,200.6817,25.0835,6117564416,0.0000,0.0000
6.691228,1181282304,12386248,12,198.3805,24.8165,6117564416,0.0000,0.0000
6.743854,1181282304,12494056,12,198.5136,24.8118,6117564416,0.0000,0.0000
6.794912,1181282304,12606056,12,204.6899,25.5997,6117564416,0.0000,0.0000
6.847631,1181282304,12711744,12,199.3615,24.9200,6117564416,0.0000,0.0000
6.898225,1181282304,12819552,12,205.2689,25.6851,6117564416,0.0000,0.0000
6.950875,1181282304,12927360,12,198.6002,24.8530,6117564416,0.0000,0.0000
7.003639,1181282304,13035168,12,202.2982,25.3268,6117564416,0.0000,0.0000
7.054588,1181282304,13142976,12,205.8423,25.7308,6117564416,0.0000,0.0000
7.107391,1181282304,13250784,12,200.7003,25.1619,6117564416,0.0000,0.0000
7.160087,1181282304,13358592,12,195.8225,24.4792,6117564416,0.0000,0.0000
7.210691,1181282304,13466400,12,205.5212,25.7025,6117564416,0.0000,0.0000
7.263419,1181282304,13574208,12,197.8433,24.7287,6117564416,0.0000,0.0000
7.316038,1181282304,13682016,12,198.5005,24.8256,6117564416,0.0000,0.0000
7.366686,1181282304,13789824,12,205.7984,25.7233,6117564416,0.0000,0.0000
7.419598,1181282304,13897632,12,196.4156,24.5626,6117564416,0.0000,0.0000
7.470153,1181282304,14005440,12,207.0913,25.9000,6117564416,0.0000,0.0000
7.522749,1181282304,14113248,12,192.5321,24.0653,6117564416,0.0000,0.0000
7.575368,1181282304,14221056,12,198.4610,24.8264,6117564416,0.0000,0.0000
7.626080,1181392896,14337064,12,192.2074,24.0136,6117564416,0.0000,0.0000
7.678690,1183068160,16594392,12,136.7565,17.1083,6116777984,0.0000,0.0000
7.731251,1183068160,16702200,12,195.5781,24.4608,6116777984,0.0000,0.0000
7.783851,1183068160,16810008,12,172.3666,21.5520,6116777984,0.0000,0.0000
7.834343,1183133696,16917816,12,204.8555,25.6099,6116777984,0.0000,0.0000
7.886955,1183363072,17025624,12,219.9034,27.5008,6116515840,0.0000,0.0000
7.939609,1183363072,17133432,12,186.6202,23.3563,6116515840,0.0000,0.0000
7.990131,1183363072,17241240,12,202.9603,25.3883,6116515840,0.0000,0.0000
8.042753,1183363072,17349048,12,198.3007,24.7885,6116515840,0.0000,0.0000
8.095349,1183363072,17456856,12,194.7182,24.4161,6116515840,0.0000,0.0000
8.148085,1183363072,17564664,12,196.4552,24.5593,6116515840,0.0000,0.0000
8.198722,1183363072,17672472,12,204.9320,25.6303,6116515840,0.0000,0.0000
8.251322,1183363072,17780280,12,198.3852,24.8005,6116515840,0.0000,0.0000
8.303944,1183375360,17888088,12,192.4895,24.0978,6116515840,0.0000,0.0000
8.355078,1183375360,17995896,12,203.8530,25.4806,6116515840,0.0000,0.0000
8.408025,1183375360,18103704,12,192.2462,24.0452,6116515840,0.0000,0.0000
8.458548,1183375360,18211512,12,182.2011,22.7754,6116515840,0.0000,0.0000
8.511133,1183375360,18319320,12,196.4366,24.5672,6116515840,0.0000,0.0000
8.563766,1183375360,18427128,12,192.4223,24.0535,6116515840,0.0000,0.0000
8.614327,1183375360,18534936,12,200.5399,25.0789,6116515840,0.0000,0.0000
8.666989,1183375360,18642744,12,188.7250,23.5928,6116515840,0.0000,0.0000
8.719582,1183375360,18750552,12,197.8358,24.7364,6116515840,0.0000,0.0000
8.770081,1183375360,18858360,12,205.9819,25.7735,6116515840,0.0000,0.0000
8.820640,1183375360,18966720,12,188.2098,23.5287,6116253696,0.0000,0.0000
8.875460,1183473664,19069680,12,192.4006,24.0731,6116253696,0.0000,0.0000
8.926461,1183588352,19183808,12,190.6362,23.8599,6116253696,0.0000,0.0000
8.979237,1183690752,19290208,12,194.7954,24.3660,6115991552,0.0000,0.0000
9.031900,1183801344,19397472,12,198.5124,24.8141,6115991552,0.0000,0.0000
9.082436,1183907840,19505304,12,204.3490,25.5671,6115733504,0.0000,0.0000
9.135131,1184014336,19609664,12,193.6150,24.2662,6115733504,0.0000,0.0000
9.187895,1187037184,22691840,12,175.6867,21.9746,6112694272,0.0000,0.0000
9.238533,1187139584,22798240,12,205.9003,25.7373,6112628736,0.0000,0.0000
9.291198,1187250176,22905632,12,198.1867,24.8028,6112628736,0.0000,0.0000
9.343856,1187356672,23013464,12,198.2639,24.8084,6112366592,0.0000,0.0000
9.394447,1187684352,23117696,12,265.0892,33.1441,6112104448,0.0000,0.0000
9.447157,1187913728,23224496,12,272.1952,34.0287,6111842304,0.0000,0.0000
9.499813,1188024320,23338976,12,198.4272,24.8162,6111842304,0.0000,0.0000
9.550715,1188130816,23444744,12,206.1295,25.7674,6111842304,0.0000,0.0000
9.607614,1192415232,6881832,12,202.5195,25.3299,6107385856,0.0000,0.0000
9.658410,1192415232,6990904,12,206.4438,25.8052,6107385856,0.0000,0.0000
9.711233,1192415232,7097880,12,191.6612,23.9768,6107385856,0.0000,0.0000
9.763925,1192415232,7200776,12,194.7150,24.3332,6107385856,0.0000,0.0000
9.814543,1192415232,7313928,12,206.3425,25.8096,6107385856,0.0000,0.0000
9.867599,1192415232,7420968,12,197.6655,24.7011,6107385856,0.0000,0.0000
9.922823,1192415232,7530040,12,207.3496,25.9703,6107385856,0.0000,0.0000
9.975757,1192415232,7637016,12,198.0912,24.7720,6107385856,0.0000,0.0000
10.026303,1192415232,7739912,12,206.9526,25.8686,6107385856,0.0000,0.0000
10.078960,1192415232,7853064,12,198.0895,24.7968,6107385856,0.0000,0.0000
10.131597,1192415232,7960040,12,198.6728,24.8982,6107385856,0.0000,0.0000
10.182149,1192415232,8069112,12,195.1523,24.4101,6107385856,0.0000,0.0000
10.235077,1192415232,8176088,12,195.3809,24.4465,6107385856,0.0000,0.0000
10.287803,1192415232,8278984,12,198.0370,24.7866,6107385856,0.0000,0.0000
10.338669,1192415232,8392136,12,204.6051,25.5771,6107385856,0.0000,0.0000
10.391394,1192415232,8499112,12,198.0184,24.7701,6107385856,0.0000,0.0000
10.444137,1192415232,8602008,12,198.3967,24.7880,6107385856,0.0000,0.0000
10.494833,1192415232,8715160,12,206.0786,25.7887,6107385856,0.0000,0.0000
10.547639,1192415232,8822200,12,198.3756,24.7958,6107385856,0.0000,0.0000
10.598275,1192415232,8931272,12,206.7474,25.8597,6107385856,0.0000,0.0000
10.651009,1192415232,9038248,12,197.2887,24.6616,6107385856,0.0000,0.0000
10.703771,1192415232,9141144,12,190.4738,23.8507,6107385856,0.0000,0.0000
10.754332,1192415232,9254296,12,214.2505,26.7808,6107385856,0.0000,0.0000
10.807010,1192415232,9361272,12,194.3798,24.3032,6107385856,0.0000,0.0000
10.859103,1192415232,9470344,12,198.3311,24.7916,6107385856,0.0000,0.0000
10.911764,1192415232,9577320,12,198.6126,24.8748,6107385856,0.0000,0.0000
10.962338,1192415232,9680216,12,206.6651,25.8470,6107385856,0.0000,0.0000
11.014970,1192415232,9793368,12,197.7546,24.9708,6107385856,0.0000,0.0000
11.067588,1192415232,9900344,12,194.7596,24.3535,6107385856,0.0000,0.0000
11.118089,1192415232,10009416,12,198.9141,24.9467,6107426816,0.0000,0.0000
11.170730,1192415232,10116392,12,198.2333,24.7794,6107426816,0.0000,0.0000
11.223400,1192415232,10223496,12,196.5935,24.5908,6107426816,0.0000,0.0000
11.275995,1192415232,10331304,12,189.8436,23.7449,6107426816,0.0000,0.0000
11.326539,1192415232,10439112,12,206.6686,25.8338,6107426816,0.0000,0.0000
11.379134,1192415232,10546920,12,198.8033,24.8685,6107426816,0.0000,0.0000
11.431781,1192415232,10654728,12,198.8356,24.8542,6107426816,0.0000,0.0000
11.482308,1192415232,10762536,12,206.8090,25.8672,6107426816,0.0000,0.0000
11.534927,1192415232,10870344,12,199.1619,24.9033,6107426816,0.0000,0.0000
11.587561,1192415232,10978152,12,196.7637,24.6031,6107426816,0.0000,0.0000
11.638103,1192415232,11085936,12,205.8102,25.7263,6107426816,0.0000,0.0000
11.690713,1192415232,11193744,12,198.5125,24.8300,6107426816,0.0000,0.0000
11.743332,1192415232,11301552,12,196.2051,24.5256,6107426816,0.0000,0.0000
11.795964,1192415232,11409360,12,198.6776,24.8575,6107426816,0.0000,0.0000
11.846502,1192415232,11517168,12,206.7834,25.8519,6107426816,0.0000,0.0000
11.899192,1192415232,11624976,12,198.4665,24.8555,6107426816,0.0000,0.0000
11.951838,1192415232,11732784,12,199.2201,24.9265,6107426816,0.0000,0.0000
12.002398,1192415232,11840592,12,203.4945,25.4670,6107426816,0.0000,0.0000
12.055024,1192415232,11948400,12,198.3613,24.8039,6107426816,0.0000,0.0000
12.107685,1192415232,12056208,12,200.7250,25.1644,6107426816,0.0000,0.0000
12.158212,1192415232,12164016,12,203.4766,25.4316,6107426816,0.0000,0.0000
12.210881,1192415232,12271824,12,198.1587,24.7841,6107426816,0.0000,0.0000
12.263578,1192415232,12379632,12,198.4932,24.8119,6107426816,0.0000,0.0000
12.314089,1192415232,12487440,12,204.7526,25.6112,6107426816,0.0000,0.0000
12.366779,1192415232,12595248,12,198.4749,24.8091,6107426816,0.0000,0.0000
12.419459,1192415232,12703056,12,192.0843,24.0241,6107426816,0.0000,0.0000
12.472121,1192415232,12810864,12,194.1119,24.4876,6107426816,0.0000,0.0000
12.523734,1192415232,12918672,12,207.0079,25.8958,6107426816,0.0000,0.0000
12.574306,1192415232,13026480,12,202.1581,26.7130,6107328512,0.0000,0.0000
12.626960,1192415232,13134288,12,196.6320,24.5878,6107328512,0.0000,0.0000
12.679587,1192415232,13242096,12,198.6444,24.8417,6107328512,0.0000,0.0000
12.730120,1192415232,13349904,12,194.6383,24.3320,6107328512,0.0000,0.0000
12.782799,1192415232,13457712,12,198.4214,24.8117,6107328512,0.0000,0.0000
12.835428,1192415232,13565520,12,198.0501,24.7556,6107328512,0.0000,0.0000
12.888110,1192415232,13673328,12,184.9548,23.1364,6107328512,0.0000,0.0000
12.938693,1192415232,13781136,12,201.6263,25.2329,6107328512,0.0000,0.0000
12.991397,1192415232,13888944,12,194.1038,24.2933,6107328512,0.0000,0.0000
13.044043,1192415232,13996752,12,195.2361,24.4038,6107328512,0.0000,0.0000
13.094585,1192415232,14104560,12,204.2820,25.5600,6107328512,0.0000,0.0000
13.147236,1192415232,14212368,12,198.5679,24.8841,6107328512,0.0000,0.0000
13.199883,1192415232,14320176,12,179.7766,22.4861,6107328512,0.0000,0.0000
13.250397,1192415232,14427984,12,206.8966,25.8638,6107328512,0.0000,0.0000
13.303041,1192415232,14535792,12,191.5750,23.9611,6107328512,0.0000,0.0000
13.355735,1192415232,14643600,12,190.9539,24.0232,6107328512,0.0000,0.0000
13.406363,1192415232,14751408,12,202.8787,25.2184,6107328512,0.0000,0.0000
13.459048,1192415232,14863408,12,197.7785,24.7211,6107328512,0.0000,0.0000
13.511765,1192415232,14971144,12,196.6823,24.6021,6107328512,0.0000,0.0000
13.562357,1192415232,15078952,12,204.7774,25.5947,6107328512,0.0000,0.0000
13.615004,1192415232,15186760,12,192.7582,24.1093,6107328512,0.0000,0.0000
13.667690,1192394752,15294544,11,197.8548,24.7957,6107361280,0.0000,0.0000
13.718196,1192394752,15401184,11,206.8824,25.8766,6107361280,0.0000,0.0000
13.771141,1192394752,15507824,11,185.9594,23.2426,6107361280,0.0000,0.0000
13.823786,1192394752,15614464,11,196.7914,24.6106,6107361280,0.0000,0.0000
13.874278,1192394752,15721104,11,206.6656,25.8339,6107361280,0.0000,0.0000
13.926881,1192394752,15827744,11,195.9926,24.5385,6107361280,0.0000,0.0000
13.979488,1192394752,15934384,11,197.1764,24.6587,6107361280,0.0000,0.0000
14.032048,1192394752,16041024,11,199.0145,24.8797,6107361280,0.0000,0.0000
14.082720,1192394752,16147664,11,197.1744,24.6589,6107361280,0.0000,0.0000
14.135314,1192394752,16254304,11,198.7215,24.9041,6107361280,0.0000,0.0000
14.187901,1192394752,16360944,11,197.8436,24.7478,6107361280,0.0000,0.0000
14.238428,1192394752,16467584,11,196.7265,24.5802,6107361280,0.0000,0.0000
14.291061,1192394752,16578416,11,193.6887,24.3203,6107361280,0.0000,0.0000
14.343780,1192394752,16684664,11,196.5894,24.5696,6107361280,0.0000,0.0000
14.394266,1192394752,16791304,11,205.8899,25.8088,6107361280,0.0000,0.0000
14.446866,1192394752,16897944,11,198.0300,24.7640,6107361280,0.0000,0.0000
14.499478,1192394752,17004584,11,196.8326,24.6264,6107361280,0.0000,0.0000
14.550071,1192394752,17111224,11,205.6272,25.6943,6107361280,0.0000,0.0000
14.602697,1192394752,17217864,11,198.7204,24.8650,6107361280,0.0000,0.0000
14.655308,1192407040,19632800,12,190.7723,23.8363,6107209728,0.0000,0.0000
14.707896,1192407040,19740600,12,193.4867,24.2315,6107209728,0.0000,0.0000
14.758397,1192550400,19856600,12,281.4204,35.1667,6107213824,0.0000,0.0000
14.811006,1192583168,19964400,12,230.2409,28.8098,6107213824,0.0000,0.0000
14.863630,1192583168,20072200,12,196.5275,24.5626,6107213824,0.0000,0.0000
14.914107,1192583168,20180000,12,202.3757,25.3458,6107213824,0.0000,0.0000
14.966702,1192583168,20287800,12,198.3911,24.7979,6107213824,0.0000,0.0000
15.019377,1192583168,20395600,12,200.2757,25.0458,6107213824,0.0000,0.0000
15.072113,1192583168,20503400,12,198.8623,25.4008,6107213824,0.0000,0.0000
15.122675,1192583168,20611200,12,204.0575,25.5865,6107213824,0.0000,0.0000
15.175341,1192583168,20719000,12,197.6804,24.7003,6107213824,0.0000,0.0000
15.227995,1192583168,20826800,12,197.4513,24.7097,6107213824,0.0000,0.0000
15.278595,1192583168,20934600,12,204.9747,25.6216,6107213824,0.0000,0.0000
15.331238,1192583168,21042400,12,197.0644,24.6532,6107213824,0.0000,0.0000
15.384040,1192583168,21150200,12,197.2815,24.6585,6107213824,0.0000,0.0000
15.434696,1192583168,21258000,12,205.5188,25.7056,6107213824,0.0000,0.0000
15.487383,1192583168,21365800,12,190.6160,23.8289,6107213824,0.0000,0.0000
15.540034,1192583168,21473600,12,194.8973,24.3719,6107213824,0.0000,0.0000
15.590597,1192583168,21581400,12,201.2242,25.1674,6107213824,0.0000,0.0000
15.643348,1192583168,21689200,12,197.5504,24.6940,6107213824,0.0000,0.0000
15.696073,1192583168,21797000,12,196.0796,24.5244,6107213824,0.0000,0.0000
15.746630,1192583168,21904800,12,200.9134,25.1463,6107213824,0.0000,0.0000
15.799225,1192583168,22012600,12,198.4732,25.3608,6107213824,0.0000,0.0000
15.851875,1192583168,22120400,12,195.8108,24.4771,6107213824,0.0000,0.0000
15.902442,1192583168,22228200,12,203.2416,25.4188,6107213824,0.0000,0.0000
15.955057,1192583168,22336000,12,196.1931,24.6541,6107213824,0.0000,0.0000
16.007742,1192636416,22443800,12,189.8775,23.7527,6107213824,0.0000,0.0000
16.058261,1192636416,23201088,12,206.2503,25.8639,6107213824,0.0000,0.0000
16.110994,1297076224,8605664,12,183.6159,22.9482,6002556928,0.0000,0.0000
16.163700,1359851520,8713296,12,196.8087,24.5959,5939118080,0.0000,0.0000
16.214229,1605488640,8821096,12,206.7851,25.9142,5693227008,0.0000,0.0000
16.266897,1902968832,8928896,12,198.5403,24.8116,5394644992,0.0000,0.0000
16.319581,1987280896,9036696,12,198.0692,24.7817,5311283200,0.0000,0.0000
16.370684,1987280896,9144496,12,205.3105,25.6636,5311283200,0.0000,0.0000
16.423432,1987280896,9252296,12,198.0773,24.7772,5311283200,0.0000,0.0000
16.476045,1987280896,9360096,12,198.2126,24.7790,5311283200,0.0000,0.0000
16.526702,1987280896,9467896,12,204.1977,25.5341,5311283200,0.0000,0.0000
16.579402,1987280896,9575696,12,198.4585,24.7966,5311283200,0.0000,0.0000
16.632032,1987280896,9683496,12,198.6377,24.8409,5311283200,0.0000,0.0000
16.682568,1987280896,9791296,12,206.7664,25.8631,5311283200,0.0000,0.0000
16.735315,1987280896,9899096,12,198.4204,24.8163,5311283200,0.0000,0.0000
16.787949,1987280896,10006896,12,198.6659,24.8358,5311283200,0.0000,0.0000
16.838923,1987280896,10114696,12,205.5055,25.6995,5311283200,0.0000,0.0000
16.891755,1987280896,10222496,12,197.6461,24.7197,5311283200,0.0000,0.0000
16.942335,1987280896,10330296,12,206.4361,25.8391,5311283200,0.0000,0.0000
16.995522,1987342336,10438096,12,193.5259,24.2023,5311283200,0.0000,0.0000
17.046072,1987342336,10545896,12,199.3828,24.9419,5311283200,0.0000,0.0000
17.098774,1987342336,10653696,12,197.9917,24.7551,5311283200,0.0000,0.0000
17.151503,1987342336,10761496,12,198.1877,24.8545,5311283200,0.0000,0.0000
17.202099,1987342336,10869296,12,194.6039,24.3467,5311283200,0.0000,0.0000
17.254807,1987342336,10977096,12,179.7114,22.4578,5311283200,0.0000,0.0000
17.307522,1987342336,11084896,12,198.3974,24.8172,5311283200,0.0000,0.0000
17.358085,1987342336,11192696,12,206.7275,25.8419,5311283200,0.0000,0.0000
17.411043,1987342336,11300496,12,197.4085,24.6888,5311283200,0.0000,0.0000
17.463685,1987342336,11408296,12,197.6984,24.7130,5311283200,0.0000,0.0000
17.514205,1987342336,11516072,12,206.7490,25.8691,5311283200,0.0000,0.0000
17.566840,1987342336,11623872,12,196.9070,24.6143,5311283200,0.0000,0.0000
17.619475,1987342336,11731672,12,200.4484,25.0698,5311283200,0.0000,0.0000
17.674436,1987342336,11839472,12,202.6139,25.3245,5311283200,0.0000,0.0000
17.727499,1987342336,11947272,12,196.7371,24.6056,5311283200,0.0000,0.0000
17.778136,1987342336,12055072,12,206.6054,25.8232,5311283200,0.0000,0.0000
17.830954,1987342336,12162872,12,198.2237,24.8094,5311283200,0.0000,0.0000
17.883749,1987342336,12270672,12,198.0934,24.7610,5311283200,0.0000,0.0000
17.934248,1987342336,12378472,12,206.7803,25.8936,5311283200,0.0000,0.0000
17.986938,1987342336,12486272,12,198.4137,24.8103,5311283200,0.0000,0.0000
18.039708,1987342336,12594072,12,198.2244,24.7807,5311283200,0.0000,0.0000
18.090204,1987342336,12701872,12,206.7312,25.8629,5311283200,0.0000,0.0000
18.142869,1987342336,12809672,12,197.7378,24.7789,5311283200,0.0000,0.0000
18.195698,1987342336,12917472,12,198.2025,24.7810,5311283200,0.0000,0.0000
18.246757,1987342336,13025272,12,204.9104,25.6260,5311283200,0.0000,0.0000
18.299506,1987342336,13133072,12,198.1615,24.7835,5311283200,0.0000,0.0000
18.352128,1987342336,13240872,12,198.2703,24.7731,5311283200,0.0000,0.0000
18.402696,1987342336,13348672,12,207.1056,25.9117,5311283200,0.0000,0.0000
18.455411,1987342336,13456472,12,198.2794,24.7947,5311283200,0.0000,0.0000
18.508082,1987342336,13564272,12,198.4063,24.8162,5311283200,0.0000,0.0000
18.558688,1987342336,13672072,12,206.7566,25.8557,5311283200,0.0000,0.0000
18.611403,1987342336,13779872,12,198.3868,24.8161,5311283200,0.0000,0.0000
18.662108,1987342336,13887672,12,202.5603,25.3198,5311283200,0.0000,0.0000
18.714822,1987342336,13995472,12,198.4137,24.8159,5311283200,0.0000,0.0000
18.767619,1987342336,14103272,12,197.9344,24.7413,5311283200,0.0000,0.0000
18.818130,1987342336,14211072,12,204.1374,25.5367,5311283200,0.0000,0.0000
18.870767,1987342336,14318872,12,195.3037,24.4156,5311283200,0.0000,0.0000
18.923459,1987342336,14426672,12,198.4032,24.8542,5311283200,0.0000,0.0000
18.976101,1987342336,14534472,12,198.5688,24.8204,5311283200,0.0000,0.0000
19.026654,1987342336,14642272,12,206.9283,25.8856,5311283200,0.0000,0.0000
19.079464,1987342336,14750072,12,195.8323,24.4819,5311283200,0.0000,0.0000
19.132085,1987342336,14857872,12,198.6918,24.9080,5311283200,0.0000,0.0000
19.182656,1987342336,14965672,12,206.7454,25.8409,5311283200,0.0000,0.0000
19.235242,1987342336,15073472,12,190.7689,23.8637,5311283200,0.0000,0.0000
19.287930,1987342336,15181272,12,180.2867,22.5449,5311283200,0.0000,0.0000
19.338651,1987342336,15289072,12,202.6644,25.3501,5311283200,0.0000,0.0000
19.391426,1987342336,15396872,12,193.4750,24.1922,5311283200,0.0000,0.0000
19.444062,1987342336,15504672,12,194.0717,24.2606,5311283200,0.0000,0.0000
19.494611,1987342336,15612472,12,200.9741,25.1349,5311283200,0.0000,0.0000
19.547204,1987342336,15722104,12,199.8045,24.9787,5311283200,0.0000,0.0000
19.599858,1987342336,15828048,12,183.5532,22.9662,5311283200,0.0000,0.0000
19.650442,1987342336,15935848,12,201.9757,25.2460,5311283200,0.0000,0.0000
19.703037,1987342336,16043648,12,190.3866,23.8285,5311295488,0.0000,0.0000
19.755642,1987342336,16151448,12,184.1242,23.0153,5311295488,0.0000,0.0000
19.806175,1987342336,16259248,12,206.2885,25.8227,5311295488,0.0000,0.0000
19.858936,1987342336,16367048,12,198.3912,24.7942,5311295488,0.0000,0.0000
19.911833,1987342336,16474848,12,197.8002,24.7482,5311295488,0.0000,0.0000
19.962395,1987342336,16582648,12,194.4338,24.3369,5311295488,0.0000,0.0000
20.015393,1987342336,16690448,12,205.0568,25.6444,5311295488,0.0000,0.0000
20.068128,1987317760,16798248,11,198.1693,24.8579,5311320064,0.0000,0.0000
20.118710,1987317760,16904888,11,206.7624,25.9273,5311320064,0.0000,0.0000
20.171332,1987317760,17011528,11,198.6496,24.8322,5311320064,0.0000,0.0000
20.224009,1987317760,17118168,11,199.1681,24.9098,5311320064,0.0000,0.0000
20.274631,1987317760,17224808,11,201.1442,25.1317,5311320064,0.0000,0.0000
20.327364,1987317760,17331448,11,200.9683,25.1533,5311320064,0.0000,0.0000
20.379982,1987317760,17438088,11,191.3971,23.9232,5311320064,0.0000,0.0000
20.430501,1987317760,17544728,11,204.7281,25.6054,5311320064,0.0000,0.0000
20.483090,1987317760,17651368,11,198.3784,24.7966,5311320064,0.0000,0.0000
20.535739,1987317760,17758008,11,198.4349,24.8146,5311320064,0.0000,0.0000
20.586447,1987317760,17864648,11,206.0140,25.7505,5311320064,0.0000,0.0000
20.639124,1987317760,17971288,11,198.1855,24.7763,5311320064,0.0000,0.0000
20.691774,1987317760,18077928,11,198.5649,24.8453,5311320064,0.0000,0.0000
20.742271,1987317760,18184568,11,206.9240,25.8635,5311320064,0.0000,0.0000
20.794916,1987317760,18291208,11,198.6065,24.8346,5311320064,0.0000,0.0000
20.847524,1987317760,18397848,11,198.4531,24.8161,5311320064,0.0000,0.0000
20.898057,1987317760,18504488,11,205.9921,25.8220,5311320064,0.0000,0.0000
20.950764,1987317760,18611128,11,197.7043,24.8053,5311320064,0.0000,0.0000
21.003439,1987317760,18717768,11,198.3795,24.8205,5311320064,0.0000,0.0000
21.056185,1987317760,18824408,11,197.8576,24.7414,5311320064,0.0000,0.0000
21.106766,1987346432,18931048,12,205.4400,25.7205,5311320064,0.0000,0.0000
21.159414,1987346432,19038856,12,197.6463,24.7642,5311320064,0.0000,0.0000
21.212099,1987346432,19146664,12,198.1205,24.7784,5311320064,0.0000,0.0000
21.262652,1987346432,19254472,12,206.8788,25.8628,5311320064,0.0000,0.0000
21.315241,1987346432,19362280,12,198.7081,24.8587,5311320064,0.0000,0.0000
21.367908,1987346432,19470088,12,190.0099,23.7472,5311320064,0.0000,0.0000
21.419733,1987346432,19577896,12,203.8795,25.5334,5311320064,0.0000,0.0000
21.470527,1987346432,19685704,12,205.9696,25.7457,5311320064,0.0000,0.0000
21.523137,1987346432,19793512,12,196.7371,24.6119,5311320064,0.0000,0.0000
21.575852,1987346432,19901296,12,198.2529,24.7833,5311320064,0.0000,0.0000
21.626420,1987346432,20009104,12,206.6873,25.8515,5311320064,0.0000,0.0000
21.679278,1987346432,20116912,12,198.0764,24.7588,5311320064,0.0000,0.0000
21.730155,1987346432,20224720,12,205.1926,25.6653,5311320064,0.0000,0.0000
21.782890,1987346432,20332528,12,198.0021,24.7488,5311320064,0.0000,0.0000
21.835739,1987346432,20440336,12,198.1608,24.7843,5311320064,0.0000,0.0000
21.886302,1987346432,20548144,12,206.7346,25.8416,5311320064,0.0000,0.0000
21.938931,1987346432,20655952,12,198.5856,24.9156,5311320064,0.0000,0.0000
21.991610,1987346432,20763760,12,198.4628,24.8228,5311320064,0.0000,0.0000
22.042701,1987346432,20871568,12,202.5797,25.3244,5311320064,0.0000,0.0000
22.095646,1987346432,20979376,12,197.7373,24.7212,5311320064,0.0000,0.0000
22.146415,1987346432,21091376,12,205.1717,25.8292,5311320064,0.0000,0.0000
22.199070,1987346432,21198792,12,197.7400,24.7306,5311320064,0.0000,0.0000
22.251820,1987346432,21306600,12,197.6068,24.6921,5311320064,0.0000,0.0000
22.302391,1987346432,21414408,12,206.2289,25.8031,5311320064,0.0000,0.0000
22.355054,1987346432,21522216,12,198.4991,24.8131,5311320064,0.0000,0.0000
22.407730,1987346432,21630024,12,192.0681,24.0223,5311320064,0.0000,0.0000
22.458251,1987346432,21737832,12,206.8542,25.8491,5311320064,0.0000,0.0000
22.511011,1987346432,21845640,12,198.2259,24.8050,5311320064,0.0000,0.0000
22.563658,1987346432,21953448,12,198.2012,25.6221,5311463424,0.0000,0.0000
22.614160,1987346432,22061256,12,204.4533,25.5732,5311463424,0.0000,0.0000
22.666843,1987346432,22169064,12,198.2856,24.7876,5311463424,0.0000,0.0000
22.719642,1987346432,22276872,12,199.3882,24.9380,5311463424,0.0000,0.0000
22.770221,1987346432,22384680,12,204.1270,25.5174,5311463424,0.0000,0.0000
22.822848,1987350528,22492488,12,194.0027,24.2651,5311463424,0.0000,0.0000
22.875417,1987350528,22600296,12,198.7860,24.8525,5311463424,0.0000,0.0000
22.927990,1987350528,22708104,12,198.7667,24.8951,5311463424,0.0000,0.0000
22.978554,1987350528,22815912,12,201.6328,25.2021,5311463424,0.0000,0.0000
23.031370,1987350528,22923720,12,198.5944,24.8420,5311463424,0.0000,0.0000
23.084033,1987350528,23031528,12,191.0858,23.8969,5311463424,0.0000,0.0000
23.135272,1988014080,8949656,12,191.8734,24.0408,5310787584,0.0000,0.0000
23.187935,1988014080,9057296,12,198.0415,24.7647,5310787584,0.0000,0.0000
23.238462,1988018176,9165104,12,206.6571,25.8428,5310787584,0.0000,0.0000
23.291259,1988018176,9272912,12,187.6848,23.4672,5310787584,0.0000,0.0000
23.342468,1988018176,9380720,12,179.1545,22.4087,5310787584,0.0000,0.0000
23.395056,1988018176,9488528,12,198.5738,24.8393,5310787584,0.0000,0.0000
23.447681,1988018176,9596336,12,198.2077,24.7783,5310787584,0.0000,0.0000
23.498258,1988018176,9704144,12,206.7541,25.8623,5310787584,0.0000,0.0000
23.550901,1988018176,9811952,12,197.6445,24.7032,5310787584,0.0000,0.0000
23.603619,1988018176,9919760,12,198.4491,24.8237,5310787584,0.0000,0.0000
23.654240,1988018176,10027568,12,159.8649,19.9922,5310787584,0.0000,0.0000
23.707137,1988018176,10135376,12,195.4454,24.4371,5310787584,0.0000,0.0000
23.760030,1988018176,10243184,12,197.1793,24.6500,5310787584,0.0000,0.0000
23.810948,1988018176,10350992,12,205.8153,25.7387,5310787584,0.0000,0.0000
23.863555,1988018176,10458800,12,198.3481,24.7930,5310787584,0.0000,0.0000
23.914231,1988018176,10566608,12,206.3540,25.8204,5310787584,0.0000,0.0000
23.967709,1988018176,10674416,12,196.9677,24.6280,5310787584,0.0000,0.0000
24.018383,1988018176,10782224,12,206.9155,25.8938,5310787584,0.0000,0.0000
24.071049,1988018176,10890032,12,198.5376,24.8053,5310787584,0.0000,0.0000
24.123929,1988018176,10997840,12,197.9168,24.8415,5310787584,0.0000,0.0000
24.174683,1988018176,11105648,12,204.9297,25.6152,5310787584,0.0000,0.0000
24.227380,1988018176,11213456,12,198.3695,24.8126,5310787584,0.0000,0.0000
24.278054,1988018176,11321264,12,205.5335,25.6914,5310787584,0.0000,0.0000
24.330723,1988018176,11429072,12,198.5715,24.8250,5310787584,0.0000,0.0000
24.383580,1988018176,11541072,12,196.2457,24.5411,5310787584,0.0000,0.0000
24.434110,1988018176,11648488,12,206.8652,25.8770,5310787584,0.0000,0.0000
24.487209,1988018176,11756296,12,191.2650,23.9182,5310787584,0.0000,0.0000
24.539875,1988018176,11864104,12,198.6860,24.8495,5310787584,0.0000,0.0000
24.590407,1988018176,11967640,12,205.5759,25.6977,5310787584,0.0000,0.0000
24.643014,1988018176,12079672,12,196.9369,24.6340,5310787584,0.0000,0.0000
24.695931,1988018176,12187480,12,197.9504,24.7672,5310787584,0.0000,0.0000
24.747184,1988018176,12295288,12,202.9228,25.3583,5310787584,0.0000,0.0000
24.799947,1988018176,12403096,12,198.2309,24.7957,5310791680,0.0000,0.0000
24.850491,1988018176,12510904,12,188.3185,23.5393,5310791680,0.0000,0.0000
24.903155,1988018176,12618712,12,200.9232,25.1398,5310791680,0.0000,0.0000
24.955973,1988018176,12726520,12,199.8834,25.0200,5310791680,0.0000,0.0000
25.006657,1988018176,12834328,12,202.6616,25.3384,5310791680,0.0000,0.0000
25.059340,1988018176,12942136,12,198.6819,24.8552,5310791680,0.0000,0.0000
25.112104,1988018176,13049944,12,198.4630,24.8427,5310791680,0.0000,0.0000
25.162815,1988018176,13157752,12,192.0637,24.0585,5310791680,0.0000,0.0000
25.215545,1988018176,13265560,12,161.8399,20.2411,5310791680,0.0000,0.0000
25.266137,1988018176,13373368,12,199.8138,24.9804,5310791680,0.0000,0.0000
25.318968,1988018176,13481176,12,197.9436,24.7522,5310791680,0.0000,0.0000
25.371873,1988018176,13588984,12,197.6490,24.7064,5310791680,0.0000,0.0000
25.422674,1988018176,13696792,12,206.1321,25.7869,5310791680,0.0000,0.0000
25.475309,1988018176,13804600,12,198.2821,24.7748,5310791680,0.0000,0.0000
25.527939,1988018176,13912408,12,198.7201,24.8673,5310791680,0.0000,0.0000
25.578584,1988018176,14020216,12,206.6341,25.8283,5310791680,0.0000,0.0000
25.630883,1988018176,14128024,12,197.8195,24.7425,5310791680,0.0000,0.0000
25.683606,1988018176,14235832,12,198.3772,24.7957,5310791680,0.0000,0.0000
25.734148,1988018176,14343640,12,206.8015,25.8715,5310791680,0.0000,0.0000
25.787911,1988018176,14451448,12,196.4716,24.5541,5310791680,0.0000,0.0000
25.838543,1988026368,14559256,12,206.2668,25.8189,5310791680,0.0000,0.0000
25.890982,1988026368,14667064,12,201.7491,25.2117,5310791680,0.0000,0.0000
25.943678,1988026368,14774872,12,198.4439,24.8558,5310791680,0.0000,0.0000
25.994228,1988026368,14882680,12,206.3463,25.7920,5310791680,0.0000,0.0000
26.047052,1988026368,14990488,12,198.1482,24.7752,5310791680,0.0000,0.0000
26.099629,1988026368,15098296,12,198.7884,24.8795,5310791680,0.0000,0.0000
26.150235,1988030464,15206104,12,206.3155,25.8448,5310791680,0.0000,0.0000
26.202900,1988030464,15313912,12,198.5596,24.8515,5310791680,0.0000,0.0000
26.256033,1988030464,15421720,12,197.7351,24.7134,5310791680,0.0000,0.0000
26.306738,1988030464,15529528,12,206.3845,25.8193,5310791680,0.0000,0.0000
26.359393,1988030464,15637336,12,196.5265,24.5641,5310791680,0.0000,0.0000
26.412022,1988030464,15745144,12,183.4668,22.9602,5310791680,0.0000,0.0000
26.467092,1988030464,15852952,12,219.5545,27.4382,5310791680,0.0000,0.0000
26.519828,1988030464,15960760,12,197.5231,24.7039,5310791680,0.0000,0.0000
26.570399,1988030464,16068568,12,205.0670,25.6344,5310791680,0.0000,0.0000
26.623109,1988030464,16178208,12,199.2574,24.9273,5310791680,0.0000,0.0000
26.676016,1988030464,16284160,12,190.0370,23.7494,5310791680,0.0000,0.0000
26.726643,1988030464,16391968,12,194.2240,24.2923,5310791680,0.0000,0.0000
26.779244,1988030464,16508016,12,187.3359,23.4175,5310791680,0.0000,0.0000
26.832003,1988030464,16615824,12,198.4033,24.8203,5310791680,0.0000,0.0000
26.882635,1988030464,16723632,12,176.3458,22.0417,5310791680,0.0000,0.0000
26.935267,1988030464,16831440,12,198.7141,24.8853,5310791680,0.0000,0.0000
26.987913,1988030464,16939248,12,199.6987,24.9733,5310791680,0.0000,0.0000
27.038919,1988030464,17047056,12,186.1128,23.2700,5310791680,0.0000,0.0000
27.091598,1988030464,17154864,12,197.5725,24.7148,5310791680,0.0000,0.0000
27.144767,1988018176,17262672,11,201.1913,25.2585,5310791680,0.0000,0.0000
27.195326,1988018176,17369320,11,206.6066,25.8251,5310791680,0.0000,0.0000
27.247934,1988018176,17475968,11,198.4603,24.8128,5310791680,0.0000,0.0000
27.298488,1988018176,17582616,11,206.5431,25.8280,5310791680,0.0000,0.0000
27.351163,1988018176,17689264,11,198.3476,24.7989,5310791680,0.0000,0.0000
27.403850,1988018176,17795912,11,198.5207,24.8405,5310791680,0.0000,0.0000
27.454509,1988018176,17902568,11,206.5177,25.8051,5310791680,0.0000,0.0000
27.507436,1988018176,18009200,11,201.8784,25.2698,5310791680,0.0000,0.0000
27.560061,1988018176,18115856,11,198.5961,24.8226,5310791680,0.0000,0.0000
27.610575,1988018176,18222512,11,206.9604,25.8884,5310791680,0.0000,0.0000
27.663235,1988018176,18329168,11,197.3623,24.6689,5310791680,0.0000,0.0000
27.715812,1988018176,18435824,11,197.9558,24.7616,5310791680,0.0000,0.0000
27.766361,1988018176,18542480,11,206.7404,25.8430,5310791680,0.0000,0.0000
27.819014,1988018176,18649136,11,198.1258,24.7816,5310791680,0.0000,0.0000
27.871784,1988018176,18755792,11,198.1342,24.7677,5310791680,0.0000,0.0000
27.923272,1988018176,18862448,11,204.6096,25.5951,5310791680,0.0000,0.0000
27.978403,1988018176,18969104,11,209.0624,26.1593,5310791680,0.0000,0.0000
28.030995,1988018176,19075760,11,198.1815,24.7896,5310791680,0.0000,0.0000
28.083627,1988018176,19182416,11,172.8014,21.5999,5310791680,0.0000,0.0000
28.134170,1988018176,19289072,11,206.6007,25.9176,5310791680,0.0000,0.0000
28.186818,1988018176,19395728,11,197.4761,24.6824,5310791680,0.0000,0.0000
28.239457,1988018176,19502384,11,197.4414,24.7039,5310791680,0.0000,0.0000
28.290121,1988018176,19609040,11,198.7897,24.8509,5310791680,0.0000,0.0000
28.342858,1988018176,19715696,11,178.0435,22.2682,5310791680,0.0000,0.0000
28.395520,1988018176,19822352,11,197.7859,24.7209,5310791680,0.0000,0.0000
28.448626,1988018176,19929008,11,191.7116,23.9809,5310791680,0.0000,0.0000
28.499407,1988018176,20035664,11,206.3524,25.7884,5310791680,0.0000,0.0000
28.552101,1988018176,20142320,11,178.0320,22.2680,5310791680,0.0000,0.0000
28.602702,1988018176,20248976,11,206.6595,25.8463,5310791680,0.0000,0.0000
28.655438,1988018176,20355608,11,178.0561,22.2601,5310791680,0.0000,0.0000
28.706084,1988018176,20462264,11,181.3285,22.6816,5310791680,0.0000,0.0000
28.758788,1988018176,20568920,11,197.8575,24.7350,5310791680,0.0000,0.0000
28.812478,1988018176,20675576,11,184.9633,23.1346,5310791680,0.0000,0.0000
28.863011,1988018176,20782232,11,197.8739,24.7335,5310791680,0.0000,0.0000
28.915664,1988018176,20888888,11,198.5239,24.8323,5310791680,0.0000,0.0000
28.966186,1988018176,20995544,11,197.4760,24.7266,5310791680,0.0000,0.0000
29.018873,1988018176,21102200,11,197.0911,24.6392,5310791680,0.0000,0.0000
29.071549,1988018176,21208856,11,186.8365,23.3650,5310791680,0.0000,0.0000
29.122129,1988018176,21315512,11,204.0506,25.5770,5310791680,0.0000,0.0000
29.174885,1988018176,21422168,11,199.4931,24.9366,5310791680,0.0000,0.0000
29.227553,1988018176,21528824,11,196.5470,24.5886,5310791680,0.0000,0.0000
29.278094,1988018176,21635480,11,206.1625,25.7819,5310791680,0.0000,0.0000
29.330831,1988018176,21742136,11,198.4766,24.8207,5310791680,0.0000,0.0000
29.383512,1988018176,21848792,11,181.3837,22.6810,5310791680,0.0000,0.0000
29.436162,1988018176,21955448,11,197.4674,24.7008,5310791680,0.0000,0.0000
29.486767,1988018176,22062104,11,206.7013,25.8372,5310791680,0.0000,0.0000
29.539392,1984487424,5794416,13,196.1474,24.5367,5314142208,0.0000,0.0000
29.592122,1984487424,5903200,13,199.7360,25.2093,5314142208,0.0000,0.0000
29.642907,1984487424,6012176,13,205.2649,25.4312,5314142208,0.0000,0.0000
29.695784,1984487424,6121152,13,195.1702,24.3944,5314142208,0.0000,0.0000
29.746387,1984487424,6230128,13,206.3972,25.8157,5314142208,0.0000,0.0000
29.799063,1984487424,6339104,13,195.9508,24.4924,5314142208,0.0000,0.0000
29.851799,1984487424,6448080,13,198.3495,24.8209,5314142208,0.0000,0.0000
29.902364,1984487424,6557056,13,206.7775,25.8358,5314142208,0.0000,0.0000
29.955038,1984487424,6666032,13,198.3100,24.8469,5314142208,0.0000,0.0000
30.007773,1984487424,6775008,13,198.4515,24.8268,5314142208,0.0000,0.0000
30.058434,1984487424,6883984,13,207.5963,25.9493,5314142208,0.0000,0.0000
30.111129,1984487424,6992960,13,196.9834,24.6818,5314142208,0.0000,0.0000
30.164020,1984487424,7101936,13,192.1377,24.0621,5314142208,0.0000,0.0000
30.214829,1984487424,7210912,13,205.5856,25.7287,5314142208,0.0000,0.0000
30.267519,1984487424,7319888,13,200.6092,25.0762,5314142208,0.0000,0.0000
30.318074,1984487424,7428864,13,203.6336,25.4666,5314142208,0.0000,0.0000
30.370728,1984487424,7537840,13,198.5946,24.8186,5314142208,0.0000,0.0000
30.423390,1984487424,7646816,13,198.4767,24.8321,5314142208,0.0000,0.0000
30.476039,1984487424,7755792,13,167.2608,20.8998,5314142208,0.0000,0.0000
30.526600,1984487424,7864768,13,207.7855,25.9984,5314142208,0.0000,0.0000
30.579229,1984487424,7973744,13,178.5427,22.3181,5314142208,0.0000,0.0000
30.631874,1984487424,8082720,13,188.8556,23.6226,5314142208,0.0000,0.0000
30.682422,1984487424,8191696,13,201.7350,25.2132,5314142208,0.0000,0.0000
30.735070,1984487424,8300672,13,190.1326,23.7853,5314142208,0.0000,0.0000
30.787715,1984487424,8409648,13,174.2894,21.7897,5314142208,0.0000,0.0000
30.838383,1984487424,8518624,13,206.5896,25.8338,5314142208,0.0000,0.0000
30.890992,1984487424,8627600,13,166.4075,20.7986,5314142208,0.0000,0.0000
30.943654,1984487424,8736576,13,197.2090,24.7003,5314142208,0.0000,0.0000
30.994213,1984487424,8845552,13,199.4138,24.9811,5314142208,0.0000,0.0000
31.047032,1984487424,8954528,13,190.4257,23.8219,5314142208,0.0000,0.0000
31.099775,1984487424,9063504,13,198.1196,24.7635,5314142208,0.0000,0.0000
31.150622,1984487424,9172480,13,206.7241,25.9189,5314142208,0.0000,0.0000
31.203236,1984487424,9281456,13,197.1509,24.6472,5314142208,0.0000,0.0000
31.256003,1984487424,9390432,13,196.3113,24.5406,5314142208,0.0000,0.0000
31.306588,1984487424,9507184,13,206.6576,25.8564,5314142208,0.0000,0.0000
31.359196,1984487424,9615768,13,198.6504,24.8344,5314142208,0.0000,0.0000
31.412022,1984487424,9724744,13,195.3928,24.4383,5314142208,0.0000,0.0000
31.462577,1984487424,9833720,13,206.9131,25.8646,5314142208,0.0000,0.0000
31.515128,1984487424,9941232,13,180.2656,22.5470,5314142208,0.0000,0.0000
31.567724,1984487424,10051648,13,198.2303,24.7800,5314142208,0.0000,0.0000
31.618305,1984487424,10160624,13,206.4795,25.8351,5314142208,0.0000,0.0000
31.671143,1984487424,10269600,13,197.9609,24.7527,5314142208,0.0000,0.0000
31.724107,1984487424,10378576,13,197.6108,24.7113,5314142208,0.0000,0.0000
31.774766,1984487424,10487552,13,206.2930,25.7765,5314142208,0.0000,0.0000
31.827461,1984487424,10596528,13,198.3892,24.8238,5314142208,0.0000,0.0000
31.880133,1984487424,10705504,13,199.0226,24.8785,5314142208,0.0000,0.0000
31.930711,1984487424,10814480,13,204.7930,25.6668,5314142208,0.0000,0.0000
31.983347,1984487424,10923456,13,198.3221,24.7895,5314142208,0.0000,0.0000
32.035977,1984487424,11032432,13,197.0622,24.6484,5314142208,0.0000,0.0000
32.086537,1984487424,11141408,13,204.2671,25.5314,5314142208,0.0000,0.0000
32.139269,1984487424,11250384,13,198.1499,24.9292,5314142208,0.0000,0.0000
32.190637,1984487424,11359360,13,204.5320,25.5650,5314142208,0.0000,0.0000
32.243265,1984487424,11468336,13,198.3435,24.8164,5314142208,0.0000,0.0000
32.295907,1984487424,11577312,13,198.6421,24.8243,5314142208,0.0000,0.0000
32.346428,1984487424,11686288,13,206.8027,25.8649,5314142208,0.0000,0.0000
32.399142,1984487424,11795264,13,198.3678,24.7955,5314142208,0.0000,0.0000
32.451777,1984487424,11904240,13,198.6484,24.8465,5314142208,0.0000,0.0000
32.502348,1984487424,12013216,13,206.7714,25.8452,5314142208,0.0000,0.0000
32.556007,1984487424,12122192,13,196.6115,25.9586,5314060288,0.0000,0.0000
32.607431,1984487424,12231168,13,202.6209,25.3315,5314060288,0.0000,0.0000
32.660280,1984487424,12340144,13,197.7979,24.7318,5314060288,0.0000,0.0000
32.710866,1984487424,12449120,13,205.0958,25.6577,5314060288,0.0000,0.0000
32.763460,1984487424,12558096,13,198.3956,24.7985,5314060288,0.0000,0.0000
32.816058,1984487424,12667072,13,198.5182,24.8319,5314060288,0.0000,0.0000
32.866599,1984487424,12776048,13,206.8345,25.8548,5314060288,0.0000,0.0000
32.919222,1984487424,12885024,13,198.4714,24.8398,5314060288,0.0000,0.0000
32.971903,1984487424,12994000,13,196.0631,24.5209,5314060288,0.0000,0.0000
33.022578,1984487424,13102976,13,203.8216,25.5110,5314060288,0.0000,0.0000
33.075541,1984487424,13211952,13,194.5996,24.3188,5314060288,0.0000,0.0000
33.126433,1984487424,13320928,13,202.5957,25.3564,5314060288,0.0000,0.0000
33.178475,1984487424,13429904,13,196.7458,24.6999,5314060288,0.0000,0.0000
33.231175,1984487424,13538880,13,198.1692,24.7849,5314060288,0.0000,0.0000
33.284082,1984487424,13647856,13,197.9818,24.7489,5314060288,0.0000,0.0000
33.334587,1984487424,13756832,13,206.5059,25.8278,5314060288,0.0000,0.0000
33.387302,1984487424,13865808,13,198.5757,24.8201,5314060288,0.0000,0.0000
33.439909,1984487424,13974784,13,198.5545,24.8447,5314060288,0.0000,0.0000
33.490447,1984487424,14083760,13,206.7972,25.8469,5314060288,0.0000,0.0000
33.543090,1984487424,14192712,13,198.6832,24.8542,5314060288,0.0000,0.0000
33.595827,1984487424,14301688,13,198.0147,24.7504,5314060288,0.0000,0.0000
33.646347,1984487424,14410664,13,204.0902,25.5412,5314060288,0.0000,0.0000
33.699112,1984487424,14519640,13,198.1958,24.7816,5314060288,0.0000,0.0000
33.752030,1984487424,14628616,13,197.7433,24.7288,5314060288,0.0000,0.0000
33.802582,1984487424,14737592,13,204.1166,25.5121,5314060288,0.0000,0.0000
33.855232,1984487424,14846568,13,198.4623,24.8135,5314060288,0.0000,0.0000
33.907983,1984487424,14955544,13,201.8570,25.2442,5314060288,0.0000,0.0000
33.958695,1984487424,15064520,13,200.0576,25.0688,5314060288,0.0000,0.0000
34.011408,1984487424,15173496,13,198.4873,24.8301,5314060288,0.0000,0.0000
34.064071,1984487424,15282472,13,182.6742,22.8326,5314060288,0.0000,0.0000
34.114883,1984487424,15391448,13,205.5309,25.7086,5314060288,0.0000,0.0000
34.167527,1984487424,15500424,13,198.3744,24.8676,5314060288,0.0000,0.0000
34.220093,1984487424,15609400,13,202.6546,25.3416,5314060288,0.0000,0.0000
34.270867,1984487424,15718376,13,205.1849,25.6521,5314060288,0.0000,0.0000
34.323495,1984487424,15827352,13,196.6204,24.5925,5314060288,0.0000,0.0000
34.376109,1984487424,15936328,13,198.4065,24.8020,5314060288,0.0000,0.0000
34.426631,1984487424,16045304,13,199.7558,24.9841,5314060288,0.0000,0.0000
34.479318,1984487424,16154280,13,198.5476,24.8182,5314060288,0.0000,0.0000
34.532062,1984466944,16263256,12,198.5591,24.8718,5314060288,0.0000,0.0000
34.582754,1984466944,16371072,12,194.1526,24.2666,5314060288,0.0000,0.0000
34.635341,1984466944,16478888,12,192.8344,24.1176,5314060288,0.0000,0.0000
34.688142,1984466944,16586704,12,196.5580,24.5610,5314060288,0.0000,0.0000
34.739205,1984466944,16694520,12,200.6815,25.1094,5314060288,0.0000,0.0000
34.791945,1984466944,16802336,12,194.7425,24.3345,5314060288,0.0000,0.0000
34.842632,1984466944,16910152,12,201.8628,25.2647,5314060288,0.0000,0.0000
34.895395,1984466944,17017968,12,198.3841,24.7964,5314060288,0.0000,0.0000
34.947994,1984466944,17125784,12,193.0961,24.1931,5314060288,0.0000,0.0000
34.998539,1984466944,17233600,12,206.6863,25.8316,5314060288,0.0000,0.0000
35.051156,1984466944,17341416,12,198.7388,24.8599,5314060288,0.0000,0.0000
35.103853,1984466944,17449232,12,198.4102,24.8236,5314060288,0.0000,0.0000
35.154394,1984466944,17557048,12,203.1788,25.4819,5314060288,0.0000,0.0000
35.207017,1984466944,17664864,12,192.4880,24.0648,5314060288,0.0000,0.0000
35.258109,1984466944,17772680,12,205.3316,25.6679,5314060288,0.0000,0.0000
35.310840,1984466944,17880496,12,198.4074,24.8009,5314060288,0.0000,0.0000
35.364693,1984466944,17988312,12,195.3975,24.4391,5314060288,0.0000,0.0000
35.415908,1984466944,18096128,12,198.4524,24.8310,5314060288,0.0000,0.0000
35.466517,1984466944,18203944,12,206.7023,25.8385,5314060288,0.0000,0.0000
35.519073,1984466944,18311760,12,188.0969,23.5273,5314060288,0.0000,0.0000
35.571687,1984466944,18419576,12,198.7015,24.8408,5314060288,0.0000,0.0000
35.622432,1984466944,18527392,12,206.2769,25.7982,5314060288,0.0000,0.0000
35.674079,1984512000,21237752,13,208.8571,31.8253,5301080064,0.0000,0.0000
35.727941,1984512000,21346728,13,193.2327,30.2245,5314920448,0.0000,0.0000
35.778571,1984512000,21455704,13,206.5111,25.8122,5314936832,0.0000,0.0000
35.831372,1984512000,21564680,13,194.6569,24.3376,5314936832,0.0000,0.0000
35.883936,1984512000,21673656,13,195.9143,24.5014,5314936832,0.0000,0.0000
35.935347,1984512000,21782632,13,196.3277,24.5903,5314936832,0.0000,0.0000
35.987960,1984512000,21891608,13,198.7630,24.8449,5314936832,0.0000,0.0000
36.038435,1984512000,22000584,13,207.3782,25.9421,5314936832,0.0000,0.0000
36.090994,1984512000,22109560,13,198.7561,24.8455,5314936832,0.0000,0.0000
36.143734,1984512000,22218536,13,198.4444,24.8961,5314936832,0.0000,0.0000
36.194308,1984512000,22327512,13,179.4402,22.5106,5314936832,0.0000,0.0000
36.246902,1984512000,22436488,13,190.4332,23.8274,5314936832,0.0000,0.0000
36.299474,1984512000,22545464,13,194.2768,24.2844,5314936832,0.0000,0.0000
36.352604,1984512000,22654440,13,196.7969,24.6191,5314936832,0.0000,0.0000
36.403379,1984512000,22763416,13,206.0734,25.7565,5314936832,0.0000,0.0000
36.454891,1984512000,6280128,13,204.4619,25.6242,5314936832,0.0000,0.0000
36.506406,1984512000,6389200,13,205.1799,25.5909,5314936832,0.0000,0.0000
36.559017,1984512000,6494128,13,198.7140,24.8590,5314936832,0.0000,0.0000
36.611708,1984512000,6603136,13,198.1189,24.7644,5314936832,0.0000,0.0000
36.662186,1984512000,6712144,13,207.0026,25.8882,5314936832,0.0000,0.0000
36.714789,1984512000,6821152,13,198.6651,24.9144,5314936832,0.0000,0.0000
36.767378,1984512000,6930160,13,197.9113,24.7392,5314936832,0.0000,0.0000
36.819947,1984512000,7039168,13,198.8697,24.8727,5314936832,0.0000,0.0000
36.870696,1984512000,7148176,13,206.3970,25.7994,5314936832,0.0000,0.0000
36.923300,1984512000,7257184,13,197.1425,24.6578,5314936832,0.0000,0.0000
36.975876,1984512000,7366192,13,198.8310,24.8601,5314936832,0.0000,0.0000
37.027226,1984512000,7475200,13,204.9014,25.6290,5314936832,0.0000,0.0000
37.079810,1984512000,7584208,13,197.5103,24.6954,5314936832,0.0000,0.0000
37.130301,1984512000,7693216,13,206.7592,25.8652,5314936832,0.0000,0.0000
37.183029,1984512000,7802224,13,198.1960,24.8252,5314936832,0.0000,0.0000
37.235597,1984512000,7911232,13,198.8434,24.8697,5314936832,0.0000,0.0000
37.286063,1984512000,8020240,13,200.0563,25.0075,5314936832,0.0000,0.0000
37.338657,1984512000,8129248,13,198.6903,24.8501,5314936832,0.0000,0.0000
37.391315,1984512000,8238256,13,186.0654,23.2565,5314936832,0.0000,0.0000
37.444071,1984512000,8347328,13,198.1079,24.7713,5314936832,0.0000,0.0000
37.494633,1984512000,8456400,13,206.1112,25.7711,5314936832,0.0000,0.0000
37.547223,1984512000,8565472,13,198.6507,24.8523,5314936832,0.0000,0.0000
37.599829,1984512000,8674544,13,184.2263,23.0392,5314936832,0.0000,0.0000
37.650409,1984512000,8782176,13,206.6682,25.8246,5314936832,0.0000,0.0000
37.702999,1984512000,8891152,13,198.3875,25.9921,5314113536,0.0000,0.0000
37.755620,1984512000,9000136,13,197.2421,30.0536,5313363968,0.0000,0.0000
37.806088,1984512000,9109120,13,201.8404,30.2382,5312577536,0.0000,0.0000
37.858676,1984512000,9218104,13,198.7815,25.1065,5312643072,0.0000,0.0000
37.911341,1984512000,9327080,13,191.7026,23.9989,5312643072,0.0000,0.0000
37.962950,1984512000,9436056,13,195.1416,31.8991,5314220032,0.0000,0.0000
38.015511,1984512000,9545032,13,192.0678,26.7213,5314256896,0.0000,0.0000
38.066066,1984512000,9654008,13,203.8014,25.4789,5314256896,0.0000,0.0000
38.118742,1984512000,9762984,13,198.0424,24.7892,5314256896,0.0000,0.0000
38.171354,1984512000,9871960,13,198.7554,24.8908,5314256896,0.0000,0.0000
38.223930,1984512000,9980936,13,195.9598,24.5273,5314256896,0.0000,0.0000
38.274452,1984512000,10089912,13,206.9499,25.8561,5314256896,0.0000,0.0000
38.327108,1984512000,10198888,13,197.8266,24.7438,5314256896,0.0000,0.0000
38.379709,1984512000,10307864,13,194.3914,24.2987,5314256896,0.0000,0.0000
38.430356,1984512000,10417400,13,202.0219,25.2885,5314256896,0.0000,0.0000
38.483635,1984512000,10525816,13,197.4114,24.6577,5314256896,0.0000,0.0000
38.534196,1984512000,10634792,13,204.5450,25.5849,5314256896,0.0000,0.0000
38.586841,1984512000,10743768,13,198.5176,24.8263,5314256896,0.0000,0.0000
38.639511,1984512000,10852744,13,198.7013,24.8408,5314256896,0.0000,0.0000
38.692076,1984512000,10961720,13,198.8220,24.8865,5314256896,0.0000,0.0000
38.742606,1984512000,11070696,13,199.1609,24.9112,5314256896,0.0000,0.0000
38.795524,1984512000,11179672,13,205.9756,25.7623,5314256896,0.0000,0.0000
38.846170,1984512000,11288648,13,205.4610,25.6849,5314256896,0.0000,0.0000
38.898911,1984512000,11397624,13,198.3440,24.7930,5314256896,0.0000,0.0000
38.951579,1984512000,11506600,13,163.7158,20.4827,5314256896,0.0000,0.0000
39.002325,1984512000,11615576,13,198.6454,24.8464,5314256896,0.0000,0.0000
39.054960,1984512000,11724552,13,198.3532,24.7911,5314256896,0.0000,0.0000
39.107669,1984512000,11833528,13,198.4758,24.8095,5314256896,0.0000,0.0000
39.158143,1984512000,11942504,13,207.0717,25.9632,5314256896,0.0000,0.0000
39.210804,1984512000,12051480,13,196.7608,24.5951,5314256896,0.0000,0.0000
39.263684,1984512000,12160456,13,198.2712,24.8021,5314256896,0.0000,0.0000
39.314160,1984512000,12269432,13,207.0188,25.8816,5314256896,0.0000,0.0000
39.366819,1984512000,12378408,13,195.0477,24.3952,5314256896,0.0000,0.0000
39.419429,1984512000,12487384,13,198.6212,24.8543,5314256896,0.0000,0.0000
39.470356,1984512000,12596360,13,204.0454,25.4883,5314256896,0.0000,0.0000
39.522813,1984512000,12705336,13,198.5638,24.8455,5314256896,0.0000,0.0000
39.575427,1984512000,12814312,13,197.9295,24.7367,5314256896,0.0000,0.0000
39.628032,1984512000,12923288,13,196.4037,24.5761,5314256896,0.0000,0.0000
39.678638,1984487424,13032264,12,172.4407,21.5941,5314281472,0.0000,0.0000
39.731364,1984487424,13140080,12,176.0308,22.0560,5314281472,0.0000,0.0000
39.784010,1984487424,13247896,12,198.6491,24.8428,5314281472,0.0000,0.0000
39.834589,1984487424,13355712,12,189.7214,23.7300,5314281472,0.0000,0.0000
39.887131,1984487424,13463528,12,194.9245,24.9777,5314019328,0.0000,0.0000
39.939707,1984487424,13571344,12,197.3136,25.4017,5312872448,0.0000,0.0000
39.990138,1984487424,13679184,12,200.4462,35.8077,5312348160,0.0000,0.0000
40.042711,1984487424,13787024,12,175.5796,23.2604,5312348160,0.0000,0.0000
40.095223,1984487424,13894840,12,198.7184,25.6227,5314195456,0.0000,0.0000
40.147799,1984487424,14002656,12,197.6556,24.7902,5314195456,0.0000,0.0000
40.198238,1984487424,14110472,12,207.0735,25.8909,5314195456,0.0000,0.0000
40.250813,1984487424,14218288,12,198.7599,24.8557,5314195456,0.0000,0.0000
40.303368,1984487424,14326104,12,198.7773,24.8474,5314195456,0.0000,0.0000
40.355918,1984487424,14433920,12,201.8919,25.2512,5314195456,0.0000,0.0000
40.406728,1984487424,14541736,12,197.0829,24.6336,5314195456,0.0000,0.0000
40.459262,1984487424,14645232,12,198.3607,24.8056,5314199552,0.0000,0.0000
40.511851,1984487424,14757344,12,198.4913,24.9719,5314199552,0.0000,0.0000
40.562335,1984487424,14865160,12,203.6225,25.3171,5314322432,0.0000,0.0000
40.614882,1984487424,14972976,12,198.0166,24.7518,5314322432,0.0000,0.0000
40.667449,1984487424,15080792,12,198.8186,24.8621,5314322432,0.0000,0.0000
40.720074,1984487424,15188608,12,185.3635,23.2381,5314322432,0.0000,0.0000
40.770623,1984487424,15296424,12,206.7218,25.8400,5314322432,0.0000,0.0000
40.823174,1984487424,15404240,12,191.9944,24.0048,5314322432,0.0000,0.0000
40.874190,1984487424,15512056,12,190.5900,29.7721,5314322432,0.0000,0.0000
40.936080,1984487424,15619872,12,209.0005,21.2648,5314322432,0.0000,0.0000
40.986654,1984487424,15727688,12,201.9781,25.2347,5314322432,0.0000,0.0000
41.039230,1984487424,15835504,12,198.7534,24.8599,5314322432,0.0000,0.0000
41.091868,1984487424,15943320,12,197.7290,24.7159,5314322432,0.0000,0.0000
41.142456,1984487424,16051136,12,205.3993,25.7532,5314322432,0.0000,0.0000
41.195125,1984487424,16158952,12,198.6880,24.8476,5314322432,0.0000,0.0000
41.247844,1984487424,16266768,12,191.2833,23.9230,5314322432,0.0000,0.0000
41.298412,1984487424,16374584,12,206.7755,25.8474,5314322432,0.0000,0.0000
41.351155,1984487424,16482400,12,183.6935,22.9745,5314322432,0.0000,0.0000
41.403839,1984487424,16590216,12,195.3948,24.4246,5314322432,0.0000,0.0000
41.454372,1984487424,16698032,12,206.5077,25.8333,5314322432,0.0000,0.0000
41.507172,1984487424,16805848,12,197.3508,24.6632,5314322432,0.0000,0.0000
41.559772,1984487424,16913664,12,198.0510,24.7709,5314322432,0.0000,0.0000
41.610232,1984487424,17021480,12,204.3524,25.5500,5314322432,0.0000,0.0000
41.662790,1984487424,17129296,12,198.8706,24.8736,5314322432,0.0000,0.0000
41.715385,1984487424,17237112,12,198.7014,24.8707,5314322432,0.0000,0.0000
41.767914,1984487424,17344928,12,197.2339,24.6673,5314322432,0.0000,0.0000
41.818421,1984487424,17452744,12,206.9816,25.8727,5314322432,0.0000,0.0000
41.870953,1984499712,20069328,13,196.6466,24.5911,5314322432,0.0000,0.0000
41.923491,1984499712,20178304,13,198.5550,24.8372,5314322432,0.0000,0.0000
41.976028,1984499712,20287280,13,197.3523,24.6714,5314322432,0.0000,0.0000
42.026541,1984499712,20396256,13,206.7313,25.8573,5314322432,0.0000,0.0000
42.079065,1984499712,20505232,13,198.2515,24.7833,5314322432,0.0000,0.0000
42.131987,1984503808,20614208,13,200.2619,25.0585,5314322432,0.0000,0.0000
42.182482,1984503808,20723184,13,205.5835,25.7398,5314322432,0.0000,0.0000
42.235017,1984503808,20832160,13,198.8309,24.8705,5314322432,0.0000,0.0000
42.287595,1984503808,20941136,13,198.4263,24.8031,5314322432,0.0000,0.0000
42.338157,1984503808,21050112,13,204.8241,25.6176,5314322432,0.0000,0.0000
42.390733,1984503808,21159088,13,198.6351,24.8311,5314322432,0.0000,0.0000
42.443327,1984503808,21268064,13,197.8168,24.7388,5314322432,0.0000,0.0000
42.496025,1984503808,21377040,13,197.9434,24.7432,5314322432,0.0000,0.0000
42.547120,1984503808,21486016,13,204.6537,26.0964,5314248704,0.0000,0.0000
42.599415,1984503808,21594992,13,199.6872,25.5087,5314342912,0.0000,0.0000
42.652043,1984503808,21703968,13,198.7261,24.8588,5314342912,0.0000,0.0000
42.702644,1984503808,21812944,13,205.6414,25.7430,5314342912,0.0000,0.0000
42.755182,1984503808,21921920,13,197.2055,24.6614,5314342912,0.0000,0.0000
42.807801,1984503808,22030896,13,198.5564,24.8238,5314342912,0.0000,0.0000
42.858280,1984503808,22139872,13,204.1447,25.5285,5314342912,0.0000,0.0000
42.910890,1984503808,22248848,13,197.7563,24.7167,5314285568,0.0000,0.0000
42.963762,1984503808,22357824,13,198.1502,24.7841,5314285568,0.0000,0.0000
43.014227,1984503808,22466800,13,206.5804,25.8245,5314285568,0.0000,0.0000
43.066772,1984503808,22575776,13,199.0370,24.8896,5314285568,0.0000,0.0000
43.119548,1984503808,22684752,13,194.9011,24.3697,5314285568,0.0000,0.0000
43.170077,1984503808,22793728,13,205.0197,25.6881,5314285568,0.0000,0.0000
43.222707,1984503808,22902704,13,197.1598,24.6469,5314285568,0.0000,0.0000
43.275276,1984503808,23011680,13,198.6209,24.8369,5314285568,0.0000,0.0000
43.327839,1984503808,23120656,13,197.4225,24.6888,5314285568,0.0000,0.0000
43.378331,1984503808,23229632,13,206.9666,25.8701,5314285568,0.0000,0.0000
43.430864,1984503808,6656088,13,198.8244,24.8654,5314285568,0.0000,0.0000
43.482053,1984503808,6767208,13,205.5910,25.7077,5314285568,0.0000,0.0000
43.534832,1984503808,6876280,13,197.8389,24.7374,5314285568,0.0000,0.0000
43.587385,1984503808,6985352,13,192.8907,24.1213,5314285568,0.0000,0.0000
43.640018,1984503808,7090280,13,200.2238,25.0323,5314285568,0.0000,0.0000
43.690546,1984503808,7199288,13,199.9826,24.9976,5314285568,0.0000,0.0000
43.743086,1984503808,7308296,13,198.2756,24.8430,5314285568,0.0000,0.0000
43.795798,1984503808,7417304,13,197.2222,24.6450,5314285568,0.0000,0.0000
43.846496,1984503808,7526312,13,206.6137,25.8415,5314285568,0.0000,0.0000
43.899084,1984503808,7634952,13,198.5388,24.8316,5314285568,0.0000,0.0000
43.951643,1984503808,7743928,13,198.8497,24.8619,5314285568,0.0000,0.0000
44.002112,1984503808,7852904,13,203.2270,25.4195,5314285568,0.0000,0.0000
44.054994,1984503808,7961880,13,186.5971,23.3339,5314285568,0.0000,0.0000
44.107782,1984503808,8070856,13,197.6176,24.7022,5314285568,0.0000,0.0000
44.158343,1984503808,8179832,13,200.3030,25.1098,5314285568,0.0000,0.0000
44.210949,1984503808,8288808,13,196.7312,24.5798,5314285568,0.0000,0.0000
44.263720,1984503808,8397784,13,198.4382,24.8254,5314285568,0.0000,0.0000
44.314188,1984503808,8506760,13,203.4711,25.4525,5314285568,0.0000,0.0000
44.366764,1984503808,8615736,13,198.8219,24.8932,5314285568,0.0000,0.0000
44.419784,1984503808,8724712,13,191.2125,23.8919,5314285568,0.0000,0.0000
44.470250,1984503808,8833688,13,201.9950,25.2501,5314285568,0.0000,0.0000
44.522850,1984503808,8942664,13,198.7122,24.8483,5314285568,0.0000,0.0000
44.575397,1984503808,9051640,13,197.9900,24.7602,5314285568,0.0000,0.0000
44.628848,1984503808,9160616,13,195.0249,24.3912,5314285568,0.0000,0.0000
44.679403,1984503808,9269592,13,206.8183,25.8543,5314285568,0.0000,0.0000
44.732065,1984503808,9378568,13,191.8899,24.0354,5314285568,0.0000,0.0000
44.782766,1984503808,9487544,13,206.5313,25.8186,5314285568,0.0000,0.0000
44.835504,1984503808,9596520,13,200.4501,25.0883,5314285568,0.0000,0.0000
44.886109,1984503808,9705496,13,203.2590,25.3901,5314285568,0.0000,0.0000
44.938810,1984503808,9814472,13,198.3818,24.8105,5314285568,0.0000,0.0000
44.991509,1984503808,9923448,13,196.0625,24.4998,5314285568,0.0000,0.0000
45.042072,1984503808,10032424,13,207.1578,25.9222,5314285568,0.0000,0.0000
45.094783,1984503808,10141400,13,198.6265,24.8333,5314285568,0.0000,0.0000
45.147410,1984503808,10250376,13,191.9350,24.0724,5314285568,0.0000,0.0000
45.200084,1984503808,10359352,13,198.5856,24.8251,5314285568,0.0000,0.0000
45.250624,1984503808,10468328,13,204.6913,25.6027,5314285568,0.0000,0.0000
45.303267,1984503808,10577304,13,197.9344,24.7304,5314285568,0.0000,0.0000
45.355852,1984503808,10686280,13,198.4216,24.8258,5314285568,0.0000,0.0000
45.406386,1984503808,10795256,13,206.4329,25.8049,5314285568,0.0000,0.0000
45.458967,1984503808,10904208,13,196.4177,24.5655,5314285568,0.0000,0.0000
45.511689,1984503808,11013184,13,195.6431,24.4549,5314285568,0.0000,0.0000
45.562266,1984503808,11122160,13,206.8830,25.8858,5314285568,0.0000,0.0000
45.614905,1984503808,11231136,13,197.9137,24.7338,5314285568,0.0000,0.0000
45.667554,1984503808,11340112,13,199.7462,24.9840,5314289664,0.0000,0.0000
45.718108,1984503808,11449088,13,198.8927,24.9039,5314289664,0.0000,0.0000
45.770680,1984503808,11558064,13,198.5981,24.8405,5314289664,0.0000,0.0000
45.823335,1984503808,11667040,13,198.5251,24.8216,5314289664,0.0000,0.0000
45.874033,1984503808,11776016,13,206.3071,25.8301,5314289664,0.0000,0.0000
45.926578,1984503808,11884992,13,198.5841,24.8556,5314289664,0.0000,0.0000
45.979156,1984503808,11993968,13,198.7093,24.9038,5314289664,0.0000,0.0000
46.031702,1984503808,12102944,13,198.7474,24.8584,5314289664,0.0000,0.0000
46.082134,1984491520,12211920,12,207.0974,25.9211,5314289664,0.0000,0.0000
46.134672,1984491520,12319736,12,198.6653,24.8455,5314289664,0.0000,0.0000
46.187328,1984491520,12427552,12,194.7467,24.3970,5314289664,0.0000,0.0000
46.239968,1984491520,12535368,12,194.9198,24.4224,5314289664,0.0000,0.0000
46.290564,1984491520,12643184,12,205.0371,25.6170,5314289664,0.0000,0.0000
46.343181,1984491520,12751000,12,197.4985,24.7153,5314289664,0.0000,0.0000
46.395863,1984491520,12858816,12,198.5782,24.8223,5314289664,0.0000,0.0000
46.446419,1984491520,12966632,12,206.5812,25.8259,5314289664,0.0000,0.0000
46.499096,1984491520,13074448,12,198.6913,24.8480,5314289664,0.0000,0.0000
46.551753,1984491520,13182264,12,198.5723,24.8332,5314289664,0.0000,0.0000
46.602269,1984491520,13290080,12,203.9952,25.5066,5314289664,0.0000,0.0000
46.654951,1984491520,13397896,12,196.6904,24.5993,5314289664,0.0000,0.0000
46.707634,1984491520,13505712,12,197.6087,24.7345,5314289664,0.0000,0.0000
46.758177,1984491520,13613528,12,202.6999,25.3543,5314289664,0.0000,0.0000
46.810894,1984491520,13721344,12,198.5098,24.8128,5314289664,0.0000,0.0000
46.863571,1984491520,13829160,12,197.2937,24.6776,5314289664,0.0000,0.0000
46.914132,1984491520,13936976,12,206.8667,25.8556,5314289664,0.0000,0.0000
46.966816,1984606208,16801392,13,182.7555,22.8601,5314027520,0.0000,0.0000
47.019518,1984606208,16910368,13,195.1041,24.3890,5314027520,0.0000,0.0000
47.070087,1984606208,17019344,13,199.8912,25.0010,5314027520,0.0000,0.0000
47.122829,1984606208,17128320,13,203.8209,25.4835,5314224128,0.0000,0.0000
47.175506,1984606208,17237296,13,200.5684,25.1268,5314224128,0.0000,0.0000
47.226094,1984606208,17346272,13,204.2603,25.5318,5314224128,0.0000,0.0000
47.278760,1984606208,17455248,13,198.5744,24.8337,5314224128,0.0000,0.0000
47.331431,1984606208,17564224,13,198.2901,24.8537,5314224128,0.0000,0.0000
47.382099,1984606208,17673200,13,206.6034,25.8230,5314224128,0.0000,0.0000
47.434699,1984606208,17782176,13,198.1365,24.7778,5314224128,0.0000,0.0000
47.487368,1984606208,17891152,13,196.4670,24.5577,5314224128,0.0000,0.0000
47.540080,1984606208,18000128,13,198.2084,24.8183,5314224128,0.0000,0.0000
47.590667,1984606208,18109104,13,205.7996,25.7235,5314224128,0.0000,0.0000
47.643261,1984606208,18218080,13,194.6427,24.3482,5314224128,0.0000,0.0000
47.695956,1984606208,18327056,13,198.5710,24.8482,5314224128,0.0000,0.0000
47.746560,1984606208,18436032,13,189.1123,23.6593,5314224128,0.0000,0.0000
47.799182,1984606208,18545008,13,191.5789,23.9464,5314224128,0.0000,0.0000
47.851777,1984606208,18653984,13,198.7626,24.8696,5314224128,0.0000,0.0000
47.902664,1984606208,18762960,13,206.1218,25.7652,5314224128,0.0000,0.0000
47.955207,1984606208,18871936,13,169.1148,21.1593,5314224128,0.0000,0.0000
48.007806,1984606208,18980912,13,196.2205,24.5297,5314224128,0.0000,0.0000
48.058316,1984606208,19089888,13,206.8304,25.8669,5314224128,0.0000,0.0000
48.110943,1984606208,19198864,13,198.4396,24.8052,5314224128,0.0000,0.0000
48.163506,1984606208,19307840,13,198.5275,24.8754,5314224128,0.0000,0.0000
48.216063,1984606208,19416816,13,198.1293,24.7676,5314224128,0.0000,0.0000
48.266544,1984606208,19525792,13,207.0027,25.8877,5314224128,0.0000,0.0000
48.319095,1984606208,19634744,13,194.4743,24.3107,5314224128,0.0000,0.0000
48.371682,1984606208,19743720,13,198.0436,24.7666,5314224128,0.0000,0.0000
48.422142,1984606208,19852696,13,207.0007,25.8758,5314224128,0.0000,0.0000
48.472655,1984606208,19961672,13,165.0189,20.6392,5314224128,0.0000,0.0000
48.527301,1984606208,20070648,13,193.4646,24.1840,5314224128,0.0000,0.0000
48.579850,1984606208,20179624,13,199.1159,24.9145,5314224128,0.0000,0.0000
48.630322,1984606208,20288600,13,197.4307,24.6803,5314224128,0.0000,0.0000
48.682873,1984606208,20397576,13,198.2078,24.7864,5314224128,0.0000,0.0000
48.735415,1984606208,20506552,13,191.8453,24.0299,5314224128,0.0000,0.0000
48.787969,1984606208,20615528,13,198.8412,24.8535,5314224128,0.0000,0.0000
48.838410,1984606208,20724504,13,190.6929,23.8522,5314224128,0.0000,0.0000
48.890927,1984606208,20833480,13,198.9215,24.8666,5314224128,0.0000,0.0000
48.943483,1984606208,20942456,13,193.1578,24.1578,5314224128,0.0000,0.0000
48.996031,1984606208,21051432,13,197.4697,24.6851,5314224128,0.0000,0.0000
49.046528,1984606208,21160408,13,200.3157,25.0583,5314224128,0.0000,0.0000
49.099113,1984606208,21269384,13,198.3531,24.7932,5314224128,0.0000,0.0000
49.151667,1984606208,21378360,13,198.3579,24.8594,5314224128,0.0000,0.0000
49.202125,1984606208,21487336,13,202.5530,25.3102,5314224128,0.0000,0.0000
49.254709,1984606208,21596312,13,198.7894,24.8739,5314224128,0.0000,0.0000
49.307863,1984606208,21705288,13,195.5518,24.4435,5314224128,0.0000,0.0000
49.358348,1984606208,21814264,13,206.9907,25.8897,5314224128,0.0000,0.0000
49.410893,1984606208,21923240,13,198.8022,24.8491,5314224128,0.0000,0.0000
49.463454,1984606208,22032216,13,196.7744,24.6120,5314224128,0.0000,0.0000
49.516000,1984606208,22141192,13,198.4897,24.8010,5314224128,0.0000,0.0000
49.566483,1984606208,22250168,12,206.8641,25.9343,5314224128,0.0000,0.0000
49.619029,1984606208,22357984,12,197.8286,24.7169,5314224128,0.0000,0.0000
49.671948,1984606208,22465800,12,198.0718,24.7805,5314224128,0.0000,0.0000
49.722398,1984606208,22573616,12,192.0649,24.0356,5314224128,0.0000,0.0000
49.774939,1984606208,22681432,12,196.8881,24.6320,5314224128,0.0000,0.0000
49.827478,1984606208,22789248,12,198.2931,24.7950,5314224128,0.0000,0.0000
49.880025,1984606208,22897064,12,198.1582,24.7824,5314224128,0.0000,0.0000
49.930568,1984606208,23004880,12,204.8090,25.6024,5314224128,0.0000,0.0000
49.983175,1984606208,23112696,12,198.3215,24.8023,5314224128,0.0000,0.0000
50.035727,1984606208,23220512,12,198.7064,24.8500,5314224128,0.0000,0.0000
50.086240,1984606208,23328328,12,205.9977,25.7500,5314224128,0.0000,0.0000
50.138798,1984606208,23436144,12,199.2591,24.9514,5314224128,0.0000,0.0000
50.191354,1984606208,23543960,12,198.7157,24.8839,5314224128,0.0000,0.0000
50.243905,1984606208,23651776,12,198.8563,24.8670,5314224128,0.0000,0.0000
50.294357,1984606208,23759592,12,207.1720,25.8985,5314224128,0.0000,0.0000
50.347579,1984606208,7194840,12,196.2380,24.5450,5314224128,0.0000,0.0000
50.400128,1984606208,7301816,12,198.8110,24.8507,5314224128,0.0000,0.0000
50.450612,1984606208,7410888,12,206.5684,25.8384,5314224128,0.0000,0.0000
50.503138,1984606208,7517864,12,196.6287,24.5788,5314224128,0.0000,0.0000
50.555722,1984606208,7620760,12,198.8909,24.9027,5314224128,0.0000,0.0000
50.606505,1984606208,7733912,12,206.2942,25.7885,5314224128,0.0000,0.0000
50.659073,1984606208,7840888,12,198.7650,24.8566,5314224128,0.0000,0.0000
50.711708,1984606208,7943784,12,201.6301,25.2472,5314224128,0.0000,0.0000
50.762156,1984606208,8056936,12,202.3898,25.3131,5314224128,0.0000,0.0000
50.814748,1984606208,8163976,12,198.5112,24.8153,5314224128,0.0000,0.0000
50.867382,1984606208,8273048,12,200.6289,25.0988,5314224128,0.0000,0.0000
50.919916,1984606208,8380024,12,195.6017,24.5026,5314224128,0.0000,0.0000
50.970417,1984602112,8482920,11,206.6474,25.8836,5314224128,0.0000,0.0000
51.022948,1984602112,8594016,11,198.9793,24.8707,5314224128,0.0000,0.0000
51.075496,1984602112,8700672,11,198.5792,24.8257,5314224128,0.0000,0.0000
51.128061,1984602112,8807328,11,198.9286,24.8813,5314224128,0.0000,0.0000
51.178650,1984602112,8913984,11,206.7437,25.8971,5314224128,0.0000,0.0000
51.231963,1984602112,9020640,11,197.3650,24.6774,5314224128,0.0000,0.0000
51.282596,1984602112,9127296,11,203.3259,25.4194,5314224128,0.0000,0.0000
51.335381,1984602112,9233952,11,199.9231,24.9904,5314224128,0.0000,0.0000
51.387900,1984602112,9340608,11,196.8194,24.6127,5314224128,0.0000,0.0000
51.438351,1984602112,9447264,11,206.8724,25.8752,5314224128,0.0000,0.0000
51.490869,1984602112,9553920,11,198.9356,24.8669,5314224128,0.0000,0.0000
51.543380,1984602112,9660576,11,197.9334,24.7569,5314224128,0.0000,0.0000
51.595893,1984602112,9767232,11,198.9416,24.8737,5314224128,0.0000,0.0000
51.646333,1984602112,9873888,11,205.3826,25.6897,5314224128,0.0000,0.0000
51.699028,1984602112,9980544,11,198.3790,24.7895,5314224128,0.0000,0.0000
51.751754,1984602112,10087200,11,197.6899,24.7724,5314224128,0.0000,0.0000
51.802381,1984602112,10193856,11,194.6487,24.3266,5314224128,0.0000,0.0000
51.854898,1984602112,10300512,11,198.7357,24.8546,5314224128,0.0000,0.0000
51.907466,1984602112,10407168,11,197.6898,24.7124,5314224128,0.0000,0.0000
51.959991,1984602112,10513824,11,198.9140,24.8781,5314224128,0.0000,0.0000
52.010425,1984602112,10620480,11,204.7452,25.5941,5314224128,0.0000,0.0000
52.062985,1984602112,10727136,11,199.0989,24.9054,5314224128,0.0000,0.0000
52.115499,1984602112,10833792,11,188.1313,23.5224,5314224128,0.0000,0.0000
52.168055,1984602112,10940448,11,198.1582,24.8456,5314224128,0.0000,0.0000
52.218563,1984602112,11047104,11,206.1243,25.7683,5314224128,0.0000,0.0000
52.271129,1984602112,11153760,11,198.2913,24.7974,5314224128,0.0000,0.0000
52.323732,1984602112,11260416,11,198.4860,24.8124,5314224128,0.0000,0.0000
52.374215,1984602112,11367072,11,206.6718,25.8508,5314224128,0.0000,0.0000
52.426884,1984602112,11473728,11,198.7021,24.8394,5314224128,0.0000,0.0000
52.479539,1984602112,11580384,11,198.5494,24.8303,5314224128,0.0000,0.0000
52.530095,1984602112,11687040,11,206.9178,25.8721,5314224128,0.0000,0.0000
52.582741,1984737280,15008256,12,201.3323,26.1457,5314240512,0.0000,0.0000
52.635276,1984737280,15116072,12,194.5153,24.3139,5314240512,0.0000,0.0000
52.687832,1984737280,15223888,12,198.3393,24.8010,5314240512,0.0000,0.0000
52.738312,1984737280,15331704,12,206.7088,25.8857,5314240512,0.0000,0.0000
52.790833,1984737280,15439520,12,198.7815,24.8477,5314240512,0.0000,0.0000
52.843373,1984737280,15547336,12,198.8873,24.8842,5314240512,0.0000,0.0000
52.895931,1984737280,15655152,12,191.6908,23.9533,5314240512,0.0000,0.0000
52.946511,1984737280,15762968,12,207.0107,25.9018,5314240512,0.0000,0.0000
52.999093,1984737280,15873896,12,198.4763,24.8093,5314240512,0.0000,0.0000
53.051719,1984737280,15978600,12,197.3493,24.6862,5314240512,0.0000,0.0000
53.102183,1984737280,16086416,12,206.9159,25.8618,5314240512,0.0000,0.0000
53.154791,1984737280,16194232,12,198.8401,24.9360,5314240512,0.0000,0.0000
53.207345,1984737280,16302048,12,198.6433,24.8290,5314240512,0.0000,0.0000
53.259903,1984737280,16409864,12,198.1038,24.7796,5314240512,0.0000,0.0000
53.310445,1984737280,16521872,12,212.0735,26.5102,5313978368,0.0000,0.0000
53.363143,1984737280,16629296,12,188.2576,23.5500,5313978368,0.0000,0.0000
53.415866,1984737280,16753544,12,198.4345,24.8043,5313978368,0.0000,0.0000
53.466504,1984737280,16861360,12,196.1997,24.5356,5313978368,0.0000,0.0000
53.519192,1984737280,16969176,12,188.0576,23.5086,5313978368,0.0000,0.0000
53.571893,1984737280,17076992,12,191.3649,23.9377,5313978368,0.0000,0.0000
53.622422,1984737280,17184808,12,205.7374,25.7172,5313978368,0.0000,0.0000
53.675020,1984737280,17292624,12,195.9440,24.5073,5313978368,0.0000,0.0000
53.727633,1984737280,17400440,12,198.4791,24.8415,5313978368,0.0000,0.0000
53.778313,1984737280,17508256,12,206.3895,25.8110,5313978368,0.0000,0.0000
53.830890,1984737280,17616072,12,198.7458,24.8432,5313978368,0.0000,0.0000
53.883480,1984737280,17723888,12,197.6684,24.7219,5313978368,0.0000,0.0000
53.934061,1984737280,17831704,12,203.1494,25.4001,5313978368,0.0000,0.0000
53.986671,1984737280,17939520,12,198.3338,24.8031,5313978368,0.0000,0.0000
54.039245,1984737280,18047336,12,195.1319,24.3939,5313978368,0.0000,0.0000
54.091852,1984737280,18155152,12,195.3808,24.4209,5313978368,0.0000,0.0000
54.142343,1984737280,18262968,12,207.1997,25.9312,5313978368,0.0000,0.0000
54.194919,1984737280,18370784,12,198.7257,24.8935,5313978368,0.0000,0.0000
54.247522,1984737280,18478600,12,195.6109,24.4623,5313978368,0.0000,0.0000
54.300079,1984737280,18586416,12,198.7484,24.8462,5313978368,0.0000,0.0000
54.350562,1984737280,18694232,12,205.9708,25.7585,5313978368,0.0000,0.0000
54.403153,1984737280,18802048,12,198.4796,24.8099,5313978368,0.0000,0.0000
54.455764,1984737280,18909864,12,194.8908,24.3725,5313978368,0.0000,0.0000
54.506244,1984737280,19017680,12,206.3815,25.8007,5313978368,0.0000,0.0000
54.558850,1984737280,19125496,12,198.4557,24.8155,5313978368,0.0000,0.0000
54.611440,1984737280,19233312,12,198.7054,24.8379,5313978368,0.0000,0.0000
54.664066,1984737280,19341128,12,198.4996,24.8248,5313978368,0.0000,0.0000
54.714586,1984737280,19448944,12,206.8199,25.8812,5313978368,0.0000,0.0000
54.767186,1984737280,19556760,12,198.5240,24.8191,5313978368,0.0000,0.0000
54.819839,1984737280,19664576,12,197.6039,24.7095,5313978368,0.0000,0.0000
54.870340,1984737280,19772392,12,205.6241,25.7151,5313978368,0.0000,0.0000
54.922900,1984737280,19880208,12,196.4121,24.5515,5313978368,0.0000,0.0000
54.975500,1984737280,19988024,12,196.2438,24.5445,5313978368,0.0000,0.0000
55.028050,1984737280,20095840,12,198.8898,24.8610,5313978368,0.0000,0.0000
55.078566,1984737280,20203656,12,192.3812,24.0662,5313978368,0.0000,0.0000
55.131136,1984737280,20311472,12,198.6669,24.8512,5313978368,0.0000,0.0000
55.183771,1984737280,20419288,12,198.1602,24.8330,5313978368,0.0000,0.0000
55.234313,1984737280,20527104,12,193.5230,24.1933,5313978368,0.0000,0.0000
55.286976,1984737280,20634920,12,195.5722,24.4572,5313978368,0.0000,0.0000
55.339626,1984737280,20742736,12,194.3631,24.2954,5313978368,0.0000,0.0000
55.390223,1984737280,20850552,12,189.7504,23.7460,5313978368,0.0000,0.0000
55.442853,1984737280,20958368,12,198.6780,24.8440,5313978368,0.0000,0.0000
55.495429,1984737280,21066184,12,136.4205,17.0526,5313978368,0.0000,0.0000
55.548060,1984737280,21174000,12,189.6855,23.7228,5313978368,0.0000,0.0000
55.598693,1984737280,21281816,12,195.8817,24.4852,5313978368,0.0000,0.0000
55.651406,1984737280,21389632,12,183.8246,22.9904,5313978368,0.0000,0.0000
55.704170,1984737280,21497448,12,194.1180,24.2657,5313978368,0.0000,0.0000
55.754755,1984737280,21605264,12,200.0107,25.0547,5313978368,0.0000,0.0000
55.807365,1984737280,21713080,12,194.3061,24.2883,5313978368,0.0000,0.0000
55.859969,1984737280,21820896,12,196.3603,24.5562,5313978368,0.0000,0.0000
55.910569,1984737280,21928712,12,192.3357,24.0420,5313978368,0.0000,0.0000
55.963148,1984737280,22036528,12,198.7307,24.8549,5313978368,0.0000,0.0000
56.015834,1984737280,22144344,12,176.4068,22.0509,5313978368,0.0000,0.0000
56.066457,1984737280,22252160,12,203.8081,25.4918,5313978368,0.0000,0.0000
56.119107,1984737280,22359976,12,195.8185,24.4802,5313978368,0.0000,0.0000
56.170000,1984737280,22467792,12,202.7104,25.4294,5313978368,0.0000,0.0000
56.222697,1984737280,22575608,12,192.6326,24.0765,5313978368,0.0000,0.0000
56.275414,1984737280,22683424,12,197.3974,24.6863,5313978368,0.0000,0.0000
56.328051,1984737280,22791240,12,198.5516,24.8189,5313978368,0.0000,0.0000
56.378610,1984737280,22899056,12,206.7683,25.8611,5313978368,0.0000,0.0000
56.431208,1984737280,23006872,12,193.5031,24.1879,5313978368,0.0000,0.0000
56.483880,1984737280,23114688,12,198.5192,24.8213,5313978368,0.0000,0.0000
56.534410,1984737280,23222504,12,203.7332,25.4731,5313978368,0.0000,0.0000
56.587071,1984724992,23330320,11,195.3453,24.4673,5313978368,0.0000,0.0000
56.639737,1984724992,23436976,11,198.3029,24.7883,5313978368,0.0000,0.0000
56.690315,1984724992,23543632,11,206.3221,25.8061,5313978368,0.0000,0.0000
56.742906,1984724992,23650288,11,197.7300,24.7524,5313978368,0.0000,0.0000
56.795617,1984724992,23756944,11,197.9549,24.7534,5313978368,0.0000,0.0000
56.846156,1984724992,23863600,11,206.7651,25.8709,5313978368,0.0000,0.0000
56.898812,1984724992,23970256,11,197.7872,24.7234,5313978368,0.0000,0.0000
56.951449,1984724992,24076912,11,198.5421,24.8332,5313978368,0.0000,0.0000
57.004075,1984724992,24183568,11,198.4939,24.8120,5313978368,0.0000,0.0000
57.055349,1984724992,7627640,11,204.3925,25.5654,5313978368,0.0000,0.0000
57.108064,1984724992,7734616,11,197.7441,24.7258,5313978368,0.0000,0.0000
57.158589,1984724992,7845736,11,205.9784,25.8396,5313978368,0.0000,0.0000
57.211145,1984724992,7952712,11,196.9073,24.6132,5313978368,0.0000,0.0000
57.263785,1984724992,8059688,11,197.9840,24.7639,5313978368,0.0000,0.0000
57.314919,1984724992,8166664,11,200.4607,25.0576,5313978368,0.0000,0.0000
57.367607,1984724992,8273640,11,198.3184,24.8057,5313978368,0.0000,0.0000
57.418120,1984724992,8374488,11,206.8818,25.8597,5313978368,0.0000,0.0000
57.470727,1984724992,8485608,11,195.8314,24.4970,5313978368,0.0000,0.0000
57.523294,1984724992,8592584,11,198.8369,24.8510,5313978368,0.0000,0.0000
57.575974,1984724992,8699560,11,198.1340,24.8007,5313978368,0.0000,0.0000
57.626516,1984724992,8806536,11,198.8718,24.8434,5313978368,0.0000,0.0000
57.679634,1984724992,8913512,11,196.6313,24.6093,5313978368,0.0000,0.0000
57.730156,1984724992,9014360,11,206.5960,25.8562,5313978368,0.0000,0.0000
57.782788,1984724992,9125416,11,198.3702,24.8100,5313978368,0.0000,0.0000
57.835634,1984724992,9232392,11,198.2273,24.7784,5313978368,0.0000,0.0000
57.886249,1984724992,9339368,11,204.2900,25.5528,5313978368,0.0000,0.0000
57.939193,1984724992,9446344,11,198.1003,24.7606,5313978368,0.0000,0.0000
57.991793,1984745472,11542624,12,198.5529,24.8315,5313978368,0.0000,0.0000
58.042298,1984745472,11650440,12,203.0655,25.3899,5313978368,0.0000,0.0000
58.094888,1984745472,11758256,12,197.5357,24.7024,5313978368,0.0000,0.0000
58.147562,1984745472,11866048,12,190.1033,23.7833,5313978368,0.0000,0.0000
58.198169,1984745472,11973864,12,203.5837,25.5045,5313978368,0.0000,0.0000
58.250889,1984745472,12081680,12,196.8088,24.6170,5313978368,0.0000,0.0000
58.303516,1984745472,12189496,12,197.8999,24.7373,5313978368,0.0000,0.0000
58.356096,1984745472,12297312,12,198.4557,24.8200,5313978368,0.0000,0.0000
58.406599,1984745472,12405128,12,202.1199,25.2553,5313978368,0.0000,0.0000
58.459197,1984745472,12512944,12,194.3157,24.3170,5313978368,0.0000,0.0000
58.511787,1984745472,12620760,12,195.9228,24.4901,5313978368,0.0000,0.0000
58.562344,1984745472,12728576,12,204.0754,25.5285,5313978368,0.0000,0.0000
58.615333,1984745472,12836392,12,194.3668,24.2951,5313978368,0.0000,0.0000
58.668013,1984745472,12944208,12,198.1955,24.7984,5313978368,0.0000,0.0000
58.718667,1984745472,13052024,12,205.5217,25.7233,5313978368,0.0000,0.0000
58.771411,1984745472,13159840,12,197.1678,24.6623,5313978368,0.0000,0.0000
58.822084,1984745472,13267656,12,198.6648,24.8331,5313978368,0.0000,0.0000
58.874773,1984745472,13375472,12,198.2072,24.7878,5313978368,0.0000,0.0000
58.927394,1984745472,13483288,12,196.5098,24.5640,5313978368,0.0000,0.0000
58.979981,1984745472,13591104,12,196.3181,24.5711,5313978368,0.0000,0.0000
59.030531,1984745472,13698920,12,198.8131,24.8351,5313978368,0.0000,0.0000
59.083118,1984745472,13806736,12,188.7177,23.6042,5313978368,0.0000,0.0000
59.136032,1984745472,13914552,12,187.3182,23.4129,5313978368,0.0000,0.0000
59.186561,1984745472,14022368,12,205.6875,25.7743,5313978368,0.0000,0.0000
59.239344,1984745472,14130184,12,193.6302,24.2047,5313978368,0.0000,0.0000
59.292020,1984745472,14238000,12,189.7908,23.7500,5313978368,0.0000,0.0000
59.342665,1984745472,14345816,12,200.8941,25.1118,5313978368,0.0000,0.0000
59.395414,1984745472,14453632,12,190.9936,23.8846,5313978368,0.0000,0.0000
59.448156,1984839680,17231168,12,191.0853,23.8854,5313716224,0.0000,0.0000
59.498785,1984839680,17338984,12,197.4272,24.6898,5313716224,0.0000,0.0000
59.551551,1984839680,17446800,12,196.7020,24.6141,5313929216,0.0000,0.0000
59.602355,1984839680,17554616,12,204.9382,25.6151,5313929216,0.0000,0.0000
59.655003,1984839680,17662432,12,198.4645,24.8225,5313929216,0.0000,0.0000
59.707599,1984839680,17770248,12,198.4535,24.8069,5313929216,0.0000,0.0000
59.758087,1984839680,17878064,12,206.9121,25.9096,5313929216,0.0000,0.0000
59.810723,1984839680,17985880,12,198.1704,24.7715,5313929216,0.0000,0.0000
59.863308,1984839680,18093696,12,198.7612,24.8585,5313929216,0.0000,0.0000
59.915893,1984839680,18201512,12,188.0057,23.5048,5313929216,0.0000,0.0000
59.966415,1984839680,18309328,12,205.9514,25.7583,5313929216,0.0000,0.0000
60.019155,1984839680,18417144,12,198.2199,24.7791,5313929216,0.0000,0.0000
60.072068,1984839680,18524960,12,196.7082,24.6065,5313929216,0.0000,0.0000
60.122653,1984839680,18632776,12,206.0310,25.7741,5313929216,0.0000,0.0000
60.175360,1984839680,18740592,12,198.5789,24.8847,5313929216,0.0000,0.0000
60.228019,1984839680,18848408,12,199.1025,24.8881,5313929216,0.0000,0.0000
60.278595,1984839680,18956224,12,204.7509,25.6223,5313929216,0.0000,0.0000
60.331263,1984839680,19064040,12,175.3864,21.9281,5313929216,0.0000,0.0000
60.383913,1984839680,19171856,12,195.3345,24.4415,5313929216,0.0000,0.0000
60.434455,1984839680,19279672,12,198.5545,24.8025,5313929216,0.0000,0.0000
60.487034,1984839680,19387488,12,194.5427,24.3283,5313929216,0.0000,0.0000
60.539651,1984839680,19495304,12,194.9700,24.3713,5313929216,0.0000,0.0000
60.590272,1984839680,19603120,12,199.4453,24.9484,5313929216,0.0000,0.0000
60.643041,1984839680,19710936,12,198.3630,24.7906,5313929216,0.0000,0.0000
60.696009,1984839680,19818752,12,177.1406,22.1589,5313929216,0.0000,0.0000
60.746848,1984839680,19926568,12,201.6460,25.2409,5313929216,0.0000,0.0000
60.799456,1984839680,20034384,12,198.7622,24.8564,5313929216,0.0000,0.0000
60.852083,1984839680,20142200,12,198.2724,24.7978,5313929216,0.0000,0.0000
60.902697,1984839680,20250016,12,202.7956,25.3497,5313929216,0.0000,0.0000
60.955647,1984839680,20357832,12,196.6338,24.9492,5313929216,0.0000,0.0000
61.006522,1984839680,20465648,12,206.0109,25.7501,5313929216,0.0000,0.0000
61.059189,1984839680,20573488,12,197.9858,24.7634,5313929216,0.0000,0.0000
61.111827,1984839680,20681304,12,198.0581,24.7575,5313929216,0.0000,0.0000
61.162423,1984839680,20789120,12,206.4866,25.8360,5313929216,0.0000,0.0000
61.215222,1984839680,20896936,12,198.1515,24.8179,5313929216,0.0000,0.0000
61.268204,1984839680,21004752,12,183.9738,23.0208,5313929216,0.0000,0.0000
61.319384,1984839680,21112568,12,201.3575,25.1643,5313929216,0.0000,0.0000
61.370390,1984839680,21220384,12,198.5452,24.8444,5313929216,0.0000,0.0000
61.423125,1984839680,21328200,12,198.0935,24.7657,5313929216,0.0000,0.0000
61.475944,1984839680,21436016,12,197.9579,24.7573,5313929216,0.0000,0.0000
61.526439,1984839680,21543832,12,206.8807,25.8596,5313929216,0.0000,0.0000
61.579020,1984839680,21651648,12,198.7186,24.8555,5313929216,0.0000,0.0000
61.631754,1984839680,21759464,12,198.3567,24.7955,5313929216,0.0000,0.0000
61.682339,1984839680,21867280,12,200.4329,25.0692,5313929216,0.0000,0.0000
61.734988,1984839680,21975096,12,198.5880,24.8537,5313929216,0.0000,0.0000
61.787756,1984839680,22082912,12,198.3501,24.7961,5313929216,0.0000,0.0000
61.838406,1984839680,22190728,12,206.4331,25.8148,5313929216,0.0000,0.0000
61.891032,1984839680,22298544,12,172.3292,21.5528,5313929216,0.0000,0.0000
61.943744,1984839680,22406360,12,196.9862,24.6245,5313929216,0.0000,0.0000
61.994467,1984839680,22514176,12,183.2156,22.9190,5313929216,0.0000,0.0000
62.047122,1984839680,22621992,12,197.6283,24.7171,5313929216,0.0000,0.0000
62.099845,1984839680,22729808,12,189.3717,23.6866,5313929216,0.0000,0.0000
62.150417,1984839680,22837624,12,203.2236,25.4027,5313929216,0.0000,0.0000
62.203014,1984827392,22945440,11,194.8153,24.4527,5313929216,0.0000,0.0000
62.255684,1984827392,23052096,11,198.5392,24.8333,5313929216,0.0000,0.0000
62.306271,1984827392,23158752,11,200.8654,25.1114,5313929216,0.0000,0.0000
62.359031,1984827392,23265408,11,197.8138,24.7587,5313929216,0.0000,0.0000
62.411717,1984827392,23372064,11,195.3646,24.4158,5313929216,0.0000,0.0000
62.462215,1984827392,23478720,11,206.3714,25.8118,5313929216,0.0000,0.0000
62.514835,1984827392,23585376,11,198.5302,24.8160,5313929216,0.0000,0.0000
62.567522,1984827392,23692032,11,198.5108,25.6578,5313830912,0.0000,0.0000
62.618085,1984827392,23798688,11,204.9210,25.6151,5313830912,0.0000,0.0000
62.670755,1984827392,23905344,11,197.7722,24.7372,5313830912,0.0000,0.0000
62.723486,1984827392,24012000,11,194.8771,24.3985,5313830912,0.0000,0.0000
62.774050,1984827392,24118656,11,204.3154,25.5552,5313830912,0.0000,0.0000
62.826755,1984827392,24225312,11,193.2683,24.1626,5313830912,0.0000,0.0000
62.879557,1984827392,24331968,11,198.1573,24.7834,5313830912,0.0000,0.0000
62.930107,1984827392,24438624,11,206.4958,25.8110,5313830912,0.0000,0.0000
62.982821,1984827392,24545280,11,198.4665,24.8240,5313830912,0.0000,0.0000
63.035444,1984827392,24651936,11,198.6584,24.8321,5313830912,0.0000,0.0000
63.086625,1984827392,7204144,11,205.5989,25.7135,5313830912,0.0000,0.0000
63.139358,1984839680,7311120,12,199.2179,24.9105,5313830912,0.0000,0.0000
63.192023,1984839680,7424272,12,198.0272,24.8286,5313830912,0.0000,0.0000
63.242718,1984839680,7531248,12,205.5604,25.6946,5313830912,0.0000,0.0000
63.295400,1984839680,7640320,12,199.6002,25.1429,5313830912,0.0000,0.0000
63.346220,1984839680,7747296,12,204.5739,25.3875,5313830912,0.0000,0.0000
63.398827,1984839680,7850192,12,198.5645,24.8429,5313830912,0.0000,0.0000
63.451544,1984839680,7963344,12,197.7168,24.7139,5313830912,0.0000,0.0000
63.502088,1984839680,8070688,12,206.5131,25.8324,5313830912,0.0000,0.0000
63.554809,1984839680,8177912,12,195.6112,24.4666,5313830912,0.0000,0.0000
63.607452,1984839680,8285728,12,197.6388,24.7049,5313830912,0.0000,0.0000
63.660063,1984839680,8393544,12,193.8434,24.2456,5313830912,0.0000,0.0000
63.710601,1984839680,8501360,12,204.3761,25.5468,5313830912,0.0000,0.0000
63.763187,1984839680,8609176,12,198.6848,24.8831,5313830912,0.0000,0.0000
63.815873,1984839680,8716992,12,192.7013,24.0874,5313830912,0.0000,0.0000
63.866388,1984839680,8824808,12,206.8760,25.8753,5313830912,0.0000,0.0000
63.918967,1984839680,8932624,12,198.3857,24.7980,5313830912,0.0000,0.0000
63.971582,1984839680,9040440,12,195.3409,24.4319,5313830912,0.0000,0.0000
64.022082,1984839680,9148256,12,206.6408,25.8296,5313830912,0.0000,0.0000
64.074734,1984839680,9256072,12,196.3891,24.5710,5313830912,0.0000,0.0000
64.127341,1984839680,9363888,12,198.4360,24.8073,5313830912,0.0000,0.0000
64.180015,1984839680,9471704,12,198.6449,24.8959,5313830912,0.0000,0.0000
64.230735,1984839680,9579520,12,205.1341,25.6418,5313830912,0.0000,0.0000
64.283633,1984839680,9687336,12,199.9633,25.0105,5313830912,0.0000,0.0000
64.334156,1984839680,9795152,12,190.8689,23.8596,5313830912,0.0000,0.0000
64.386889,1984839680,9902968,12,196.0780,24.5332,5313830912,0.0000,0.0000
64.439633,1984839680,10010784,12,184.5134,23.0625,5313830912,0.0000,0.0000
64.490137,1984839680,10118600,12,204.0844,25.5274,5313830912,0.0000,0.0000
64.542778,1984839680,10226416,12,196.9488,24.6157,5313830912,0.0000,0.0000
64.595629,1984839680,10334232,12,198.5786,24.8382,5313830912,0.0000,0.0000
64.646108,1984839680,10442048,12,195.2824,24.4093,5313830912,0.0000,0.0000
64.698733,1984839680,10549864,12,198.4893,24.8266,5313830912,0.0000,0.0000
64.751387,1984839680,10657680,12,193.7835,24.2540,5313830912,0.0000,0.0000
64.804050,1984843776,13776256,12,204.2394,25.5468,5313568768,0.0000,0.0000
64.854622,1984843776,13884072,12,197.0858,24.6357,5313568768,0.0000,0.0000
64.907271,1984843776,13991888,12,192.8280,24.1097,5313642496,0.0000,0.0000
64.958305,1984843776,14099704,12,202.9581,25.3933,5313642496,0.0000,0.0000
65.010909,1984843776,14207520,12,195.4703,24.4345,5313642496,0.0000,0.0000
65.063553,1984843776,14315336,12,195.0319,24.4101,5313642496,0.0000,0.0000
65.114097,1984843776,14423152,12,203.5921,25.4678,5313642496,0.0000,0.0000
65.166720,1984843776,14530968,12,192.3297,24.0571,5313642496,0.0000,0.0000
65.219385,1984843776,14638784,12,192.3041,24.0805,5313642496,0.0000,0.0000
65.271978,1984843776,14746600,12,192.0423,24.0191,5313642496,0.0000,0.0000
65.322526,1984843776,14854416,12,197.1793,24.6487,5313642496,0.0000,0.0000
65.375732,1984843776,14962232,12,197.6725,24.7234,5313642496,0.0000,0.0000
65.426254,1984843776,15070048,12,200.1112,25.0159,5313642496,0.0000,0.0000
65.479162,1984843776,15177864,12,195.6887,24.4727,5313642496,0.0000,0.0000
65.531909,1984843776,15285680,12,192.2900,24.0362,5313642496,0.0000,0.0000
65.582428,1984843776,15393496,12,199.8484,24.9991,5313642496,0.0000,0.0000
65.635047,1984843776,15501312,12,196.0185,24.5021,5313642496,0.0000,0.0000
65.687671,1984843776,15609128,12,198.2848,24.7977,5313642496,0.0000,0.0000
65.738155,1984843776,15716944,12,202.9205,25.4195,5313642496,0.0000,0.0000
65.790778,1984843776,17784016,12,190.5683,23.8348,5313642496,0.0000,0.0000
65.843430,1984843776,17891832,12,197.6347,24.7043,5313642496,0.0000,0.0000
65.896034,1984843776,17999648,12,191.0714,23.9540,5313642496,0.0000,0.0000
65.946537,1984843776,18107464,12,204.7411,25.5929,5313642496,0.0000,0.0000
65.999165,1984843776,18215280,12,193.6266,24.2171,5313769472,0.0000,0.0000
66.051804,1984843776,18323096,12,198.4479,24.8058,5313769472,0.0000,0.0000
66.102434,1984843776,18430912,12,204.9394,25.6303,5313769472,0.0000,0.0000
66.155053,1984843776,18538728,12,197.3793,24.6859,5313769472,0.0000,0.0000
66.207976,1984843776,18646544,12,196.0799,24.5768,5313769472,0.0000,0.0000
66.258480,1984843776,18754360,12,206.6351,25.8294,5313769472,0.0000,0.0000
66.311104,1984843776,18862176,12,197.1990,24.6660,5313769472,0.0000,0.0000
66.363732,1984843776,18969992,12,198.4016,24.8156,5313769472,0.0000,0.0000
66.414233,1984843776,19077808,12,205.1341,25.6410,5313769472,0.0000,0.0000
66.466837,1984843776,19185624,12,199.0602,24.9022,5313769472,0.0000,0.0000
66.519459,1984843776,19293440,12,196.6387,24.5796,5313769472,0.0000,0.0000
66.572050,1984843776,19401256,12,190.3416,23.8234,5313769472,0.0000,0.0000
66.622575,1984843776,19509072,12,206.9907,25.8738,5313769472,0.0000,0.0000
66.675306,1984843776,19616888,12,191.7712,23.9930,5313769472,0.0000,0.0000
66.727918,1984843776,19724704,12,197.5458,24.7286,5313769472,0.0000,0.0000
66.778507,1984843776,19832520,12,206.0305,25.7674,5313769472,0.0000,0.0000
66.831112,1984843776,19940336,12,197.7355,24.7203,5313769472,0.0000,0.0000
66.883978,1984843776,20048152,12,201.0366,25.1454,5313769472,0.0000,0.0000
66.934528,1984860160,22175296,12,204.5745,25.5723,5313769472,0.0000,0.0000
66.987369,1984860160,22283112,12,197.3964,24.6819,5313769472,0.0000,0.0000
67.038151,1984860160,22390928,12,205.9081,25.7584,5313769472,0.0000,0.0000
67.090890,1987137536,22498744,12,195.4767,24.4400,5311410176,0.0000,0.0000
67.143779,1987137536,22606560,12,197.1862,24.6490,5311410176,0.0000,0.0000
67.194650,1987137536,22714376,12,205.0697,25.6944,5311410176,0.0000,0.0000
67.247643,1987137536,22822192,12,196.9166,24.6221,5311410176,0.0000,0.0000
67.298131,1987137536,22930008,12,206.7197,25.8543,5311410176,0.0000,0.0000
67.350873,1987137536,23037824,12,197.3998,24.6750,5311410176,0.0000,0.0000
67.403569,1987137536,23145640,12,195.9527,24.5126,5311410176,0.0000,0.0000
67.454068,1987137536,23253456,12,206.4631,25.8079,5311410176,0.0000,0.0000
67.506807,1987137536,23361272,12,196.0117,24.5171,5311410176,0.0000,0.0000
67.559412,1987137536,23469088,12,196.7007,24.5876,5311410176,0.0000,0.0000
67.611990,1987137536,23576904,12,198.0072,24.7580,5311410176,0.0000,0.0000
67.662515,1987137536,23684720,12,205.0007,25.6513,5311410176,0.0000,0.0000
67.715217,1987137536,23792536,12,198.0460,24.7562,5311410176,0.0000,0.0000
67.767859,1987137536,23900352,12,199.2135,24.9482,5311410176,0.0000,0.0000
67.818392,1987137536,24008168,12,204.1402,25.5173,5311410176,0.0000,0.0000
67.871167,1987137536,24115984,12,194.1892,24.2883,5311410176,0.0000,0.0000
67.923796,1987137536,24223800,12,198.3811,24.8017,5311410176,0.0000,0.0000
67.974275,1987137536,24331616,12,206.0489,25.7732,5311410176,0.0000,0.0000
68.026878,1987137536,24439432,12,195.5348,24.4378,5311410176,0.0000,0.0000
68.079543,1987137536,24547248,12,198.0154,24.7678,5311410176,0.0000,0.0000
68.132134,1987137536,24655064,12,199.5060,24.9492,5311410176,0.0000,0.0000
68.182684,1987162112,24758560,12,202.0977,25.3243,5311471616,0.0000,0.0000
68.235964,1987235840,6568280,12,194.9940,24.3740,5311471616,0.0000,0.0000
68.286532,1987235840,6675256,12,206.2850,25.8034,5311471616,0.0000,0.0000
68.339107,1987235840,6778152,12,196.9377,24.6172,5311471616,0.0000,0.0000
68.391736,1987235840,6891304,12,194.9720,24.3898,5311471616,0.0000,0.0000
68.442231,1987395584,9721560,12,206.6431,25.8381,5311209472,0.0000,0.0000
68.494822,1987395584,9829376,12,196.4926,24.5694,5311209472,0.0000,0.0000
68.547469,1987395584,9937192,12,198.3418,24.7998,5311209472,0.0000,0.0000
68.598074,1999630336,10045008,12,198.9958,24.8974,5299101696,0.0000,0.0000
68.650879,1999630336,10152824,12,193.9183,24.2407,5299101696,0.0000,0.0000
68.703817,1999630336,10260640,12,139.5951,17.4562,5299101696,0.0000,0.0000
68.754566,1999630336,10368456,12,187.2771,23.4609,5299101696,0.0000,0.0000
68.807183,1999630336,10476272,12,198.5571,24.8377,5299101696,0.0000,0.0000
68.859808,1999630336,10584088,12,199.6724,24.9590,5299101696,0.0000,0.0000
68.910366,1999630336,10691904,12,204.8016,25.6170,5299101696,0.0000,0.0000
68.962990,1999630336,10799720,12,198.7553,24.8584,5299101696,0.0000,0.0000
69.015902,1999630336,10907536,12,197.4422,24.6798,5299101696,0.0000,0.0000
69.066453,1999630336,11015352,12,206.1375,25.7929,5299101696,0.0000,0.0000
69.119068,1999630336,11123168,12,198.3218,24.7907,5299101696,0.0000,0.0000
69.171673,1999691776,11230984,12,198.3800,24.8301,5299101696,0.0000,0.0000
69.222171,1999691776,11338800,12,206.5804,25.8790,5299101696,0.0000,0.0000
69.274774,1999691776,11446616,12,186.5182,23.3302,5299101696,0.0000,0.0000
69.327383,1999691776,11554432,12,203.8921,25.4867,5299101696,0.0000,0.0000
69.378187,1999691776,11662248,12,206.2173,25.7934,5299101696,0.0000,0.0000
69.430808,1999691776,11770064,12,198.1752,24.7719,5299101696,0.0000,0.0000
69.483402,1999691776,11877880,12,198.6828,24.8487,5299101696,0.0000,0.0000
69.534336,1999691776,11985696,12,195.2566,24.3973,5299101696,0.0000,0.0000
69.587002,1999691776,12093512,12,194.6759,24.3611,5299101696,0.0000,0.0000
69.639757,1999691776,12201328,12,196.9587,24.6229,5299101696,0.0000,0.0000
69.690716,1999691776,12309144,12,204.6370,25.5914,5299101696,0.0000,0.0000
69.743410,1999691776,12416960,12,195.5687,24.4855,5299101696,0.0000,0.0000
69.796081,1999691776,14158352,12,198.4929,24.8254,5299101696,0.0000,0.0000
69.846859,1999691776,14264272,12,202.3766,25.2973,5299101696,0.0000,0.0000
69.899685,1999691776,14372088,12,197.0117,24.6418,5299101696,0.0000,0.0000
69.950192,1999691776,14479904,12,206.8617,25.8577,5299101696,0.0000,0.0000
70.002861,1999691776,14587720,12,194.6238,24.3429,5299101696,0.0000,0.0000
70.055509,1999691776,14695536,12,198.4786,24.8093,5299101696,0.0000,0.0000
70.106074,1999691776,14803352,12,206.3388,25.8282,5299101696,0.0000,0.0000
70.158787,1999691776,14911168,12,197.6234,24.7027,5299101696,0.0000,0.0000
70.211379,1999691776,15018984,12,196.6025,24.6490,5299101696,0.0000,0.0000
70.263990,1999691776,15126800,12,198.6292,24.8286,5299101696,0.0000,0.0000
70.314539,1999691776,15234616,12,187.1663,23.4119,5299101696,0.0000,0.0000
70.367390,1999691776,15342432,12,198.2021,24.7906,5299101696,0.0000,0.0000
70.420002,1999691776,15450248,12,200.0148,25.0016,5299101696,0.0000,0.0000
70.470808,1999691776,15558064,12,203.2201,25.4165,5299101696,0.0000,0.0000
70.523491,1999691776,15665880,12,198.1702,24.7710,5299101696,0.0000,0.0000
70.574134,1999691776,15773696,12,202.9244,25.4038,5299101696,0.0000,0.0000
70.626757,1999691776,15881512,12,198.3600,24.7988,5299101696,0.0000,0.0000
70.679344,1999691776,15989328,12,197.4306,24.6855,5299101696,0.0000,0.0000
70.732141,1999691776,16101336,12,198.7439,24.8816,5299101696,0.0000,0.0000
70.782747,1999691776,16208760,12,206.5984,25.8574,5299101696,0.0000,0.0000
70.835369,1999691776,16316576,12,196.1024,24.5135,5299101696,0.0000,0.0000
70.887896,1999691776,16424392,12,198.9019,24.8875,5299101696,0.0000,0.0000
70.938419,1999691776,16532208,12,194.2913,24.2864,5299101696,0.0000,0.0000
70.991020,1999691776,16640024,12,198.0190,24.7662,5299101696,0.0000,0.0000
71.043577,1999691776,16747816,12,198.0893,24.7616,5299101696,0.0000,0.0000
71.094163,1999691776,16855632,12,206.4077,25.8237,5299101696,0.0000,0.0000
71.147103,1999691776,16963448,12,198.0090,24.7568,5299101696,0.0000,0.0000
71.199679,1999691776,17071264,12,198.5651,24.8817,5299101696,0.0000,0.0000
71.250178,1999691776,17179080,12,202.7410,25.3533,5299101696,0.0000,0.0000
71.302820,1999691776,17286896,12,198.5772,24.8281,5299101696,0.0000,0.0000
71.355367,1999691776,17394712,12,198.9628,24.8796,5299101696,0.0000,0.0000
71.408022,1999691776,17502528,12,190.5194,23.8774,5299101696,0.0000,0.0000
71.458491,1999691776,17610344,12,206.9940,25.8760,5299101696,0.0000,0.0000
71.511089,1999691776,17718160,12,198.7475,24.8565,5299101696,0.0000,0.0000
71.563684,1999691776,17825976,12,195.2243,24.4030,5299101696,0.0000,0.0000
71.614246,1999691776,17933792,12,206.4008,25.8191,5299101696,0.0000,0.0000
71.666827,1999691776,18041608,12,197.2260,24.6523,5299101696,0.0000,0.0000
71.719524,1999691776,18149424,12,197.4617,24.6934,5299101696,0.0000,0.0000
71.772070,1999691776,18257240,12,198.8547,24.9158,5299101696,0.0000,0.0000
71.822745,1999691776,18365056,12,204.7961,25.5998,5299101696,0.0000,0.0000
71.875423,1999691776,18472872,12,198.5755,24.8376,5299101696,0.0000,0.0000
71.928098,1999691776,18580688,12,198.4953,24.8131,5299101696,0.0000,0.0000
71.978681,1999691776,18688504,12,206.7130,25.8542,5299101696,0.0000,0.0000
72.031211,1999691776,18796320,12,199.0356,24.8773,5299101696,0.0000,0.0000
72.083810,1999691776,18904136,12,195.2128,24.4197,5299101696,0.0000,0.0000
72.134383,1999691776,19011952,12,203.1104,25.3900,5299101696,0.0000,0.0000
72.187021,1999691776,19119768,12,192.1267,24.0985,5299101696,0.0000,0.0000
72.239660,1999691776,19227584,12,198.4483,24.8048,5299101696,0.0000,0.0000
72.290172,1999691776,19335400,12,206.4424,25.8254,5299101696,0.0000,0.0000
72.342874,1999691776,19443216,12,198.5158,24.8142,5299101696,0.0000,0.0000
72.395569,1999691776,19551032,12,192.1257,24.0321,5299101696,0.0000,0.0000
72.447526,1999679488,19658848,11,202.3754,25.3277,5299101696,0.0000,0.0000
72.500040,1999679488,19765504,11,192.7307,24.7995,5299978240,0.0000,0.0000
72.550476,1999679488,19872160,11,191.4323,24.8505,5300162560,0.0000,0.0000
72.603025,1999679488,19978816,11,194.7147,24.3802,5300162560,0.0000,0.0000
72.655594,1999679488,20085472,11,197.7367,24.7176,5300162560,0.0000,0.0000
72.706282,1999679488,20192128,11,204.6982,25.5885,5300162560,0.0000,0.0000
72.758847,1999679488,20298784,11,197.4295,24.7196,5300162560,0.0000,0.0000
72.811382,1999679488,20405440,11,198.8716,24.8687,5300162560,0.0000,0.0000
72.863908,1999679488,20512096,11,197.0091,24.6252,5300162560,0.0000,0.0000
72.914405,1999679488,20618752,11,206.8202,25.8614,5300162560,0.0000,0.0000
72.964896,1999679488,20725408,11,190.3711,23.7974,5300162560,0.0000,0.0000
73.019541,1999679488,20832064,11,204.8989,25.6215,5300162560,0.0000,0.0000
73.072106,1999679488,20938696,11,198.8053,24.8692,5300162560,0.0000,0.0000
73.122615,1999679488,21045352,11,204.6993,25.5887,5300162560,0.0000,0.0000
73.175151,1999679488,21152008,11,198.4175,24.8229,5300162560,0.0000,0.0000
73.227714,1999679488,21258664,11,198.7763,24.9086,5300162560,0.0000,0.0000
73.278185,1999679488,21365320,11,206.9934,25.8888,5300162560,0.0000,0.0000
73.330808,1999679488,21471976,11,198.5653,24.8214,5300162560,0.0000,0.0000
73.383392,1999679488,21578632,11,198.7783,24.8646,5300162560,0.0000,0.0000
73.435972,1999679488,21685288,11,199.6029,24.9504,5300162560,0.0000,0.0000
73.486416,1999679488,21791944,11,193.9199,24.2576,5300162560,0.0000,0.0000
73.538962,1999679488,21898600,11,192.5700,24.0622,5300162560,0.0000,0.0000
73.591511,1999679488,22005256,11,198.7413,24.8829,5300162560,0.0000,0.0000
73.642033,1999679488,22111912,11,203.1166,25.3982,5300162560,0.0000,0.0000
73.694592,1999679488,22218568,11,198.0776,24.7459,5300162560,0.0000,0.0000
73.747360,1999679488,22325224,11,193.6290,24.2448,5300162560,0.0000,0.0000
73.799913,1999679488,22431880,11,198.7860,24.8544,5300162560,0.0000,0.0000
73.850373,1999679488,22538536,11,207.3682,25.9213,5300162560,0.0000,0.0000
73.902907,1999679488,22645192,11,190.3380,23.8082,5300162560,0.0000,0.0000
73.955457,1999679488,22751848,11,190.9623,23.8703,5300162560,0.0000,0.0000
74.008046,1999679488,22858504,11,195.7580,24.4888,5300162560,0.0000,0.0000
74.058597,1999679488,22965160,11,206.4102,25.8013,5300162560,0.0000,0.0000
74.111169,1999679488,23071816,11,198.0244,24.7728,5300162560,0.0000,0.0000
74.163816,1999679488,23178472,11,199.1209,24.8970,5300162560,0.0000,0.0000
74.214263,1999679488,23285128,11,204.1164,25.6082,5300162560,0.0000,0.0000
74.267113,1999679488,23391784,11,198.3618,24.7744,5300162560,0.0000,0.0000
74.319806,1999679488,23498440,11,197.8251,24.8347,5300162560,0.0000,0.0000
74.368541,1999691776,24221848,12,20.6098,2.6344,5300285440,0.0000,0.0000
